Data_Mensal,1.ICMS_Total,2.Taxa_SELIC,3.188 - Indice nacional de precos ao consumidor (INPC) - Var. % mensal Fonte: IBGE,4.433 - Indice nacional de precos ao consumidor-amplo (IPCA) - Var. % mensal Fonte: IBGE,5.4380 - PIB mensal - Valores correntes (RS milhoes) - RS (milhoes) - Fonte: BCB-Depec,6.13244 - Exportacao de bens - Maranhao - USS (mil) - Fonte: MDIC/Secex,7.13245 - Importacao de bens - Maranhao - USS (mil) - Fonte: MDIC/Secex,8.13247 - Saldo da balanca comercial - Maranhao - USS (mil) - Fonte: MDIC/Secex,9.13011 - Empregos formais gerados - Maranhao - Unidades - Fonte: MTb,10.Salario_Minimo,11.Cotacao_Dolar,12.Cotacao_Barril_Petroleo,ICMS,SELIC,INPC,IPCA,PIB,EXPOR_MA,IMPOR_MA,BALANCA_MA,GER_EMP_MA,SM,DOLAR_COT,PETRO_COT
01/01/1997,29083000,1.73,0.81,1.18,77582.6,60240,1348,58892,-248,112,1.0421,89.938,0.00212838496257711,0.5,0.353383458646617,0.502702702702703,0.0078666767858577,0.0675444721024832,0,0.788545839517798,0.511748818365969,0,0,0.645003904771873
02/01/1997,37219000,1.67,0.45,0.5,71072.8,18565,9564,9002,-663,112,1.0485,85.409,0.0086560460080738,0.48125,0.263157894736842,0.318918918918919,0.000675201917078529,0.00428935705178799,0.00653140136558438,0.755369179288295,0.483727211343687,0,0.00138873820115004,0.608540581448711
03/01/1997,28621000,1.64,0.68,0.51,70461.6,62712,56088,6624,-166,112,1.0559,83.478,0.00175771394450687,0.471875,0.320802005012531,0.321621621621622,0,0.0712965211583996,0.043516177063302,0.753787818333679,0.517285617825793,0,0.0029944667462298,0.592993953641904
04/01/1997,26430206,1.66,0.6,0.88,73576.4,54791,59322,-4531,371,112,1.0601,80.124,0,0.478125,0.300751879699248,0.421621621621622,0.00344096683788646,0.0592738752959747,0.0460870816417221,0.746369785764825,0.55354490209318,0,0.00390582619073452,0.565990644649657
05/01/1997,33422172,1.58,0.11,0.41,78110.8,49933,12348,37585,130,120,1.0675,77.761,0.00560978172193183,0.453125,0.177944862155388,0.294594594594595,0.00845018734312354,0.0519003096351163,0.00874457339598688,0.774376765564901,0.537272113436867,0.00615384615384615,0.00551155473581423,0.546965951999485
06/01/1997,35559370,1.61,0.35,0.54,81202.4,52168,51650,518,259,120,1.0738,82.168,0.00732449461906966,0.4625,0.238095238095238,0.32972972972973,0.0118655247888696,0.0552926355412543,0.0399881391786302,0.749727351559549,0.545982444294396,0.00615384615384615,0.00687859390257135,0.582447044047437
07/01/1997,36338612,1.6,0.18,0.22,82058.7,120607,32383,88224,-239,120,1.0799,90.776,0.00794969467418458,0.459375,0.195488721804511,0.243243243243243,0.0128114923961902,0.159170663590553,0.0246716213949502,0.808051507945375,0.512356515867657,0.00615384615384615,0.00820223500054249,0.651750706481921
08/01/1997,35983757,1.59,-0.03,-0.02,82132.5,47102,30728,16374,942,120,1.0871,93.905,0.00766498804189602,0.45625,0.142857142857143,0.178378378378378,0.012893020376361,0.0476033634873414,0.0233559605794631,0.760271531246841,0.592099932478055,0.00615384615384615,0.00976456547683627,0.676942523368248
09/01/1997,34282828,1.59,0.1,0.06,81987.3,104211,51429,52782,527,120,1.0928,86.148,0.00630030171268564,0.45625,0.175438596491228,0.2,0.0127326157324477,0.134284500030356,0.0398124527494926,0.784482712758883,0.564078325455773,0.00615384615384615,0.0110014104372355,0.614490326632154
10/01/1997,35617968,1.67,0.29,0.23,87297.2,44136,33404,10732,287,120,1.0993,79.909,0.00737150886217979,0.48125,0.223057644110276,0.245945945945946,0.0185985428585853,0.0431015117479206,0.0254832767983414,0.756519622707758,0.547873058744092,0.00615384615384615,0.0124118476727785,0.564259663304001
11/01/1997,33183536,3.04,0.15,0.17,85390.1,46664,29182,17482,86,120,1.1065,74.839,0.00541831971096167,0.909375,0.18796992481203,0.22972972972973,0.0164917405417324,0.0469385586788902,0.0221269505367181,0.761008347032255,0.534301147873059,0.00615384615384615,0.0139741781490724,0.523440707850604
12/01/1997,31242862,2.97,0.57,0.43,81216.8,83469,45556,37913,-1221,120,1.1128,75.466,0.00386128159987413,0.8875,0.293233082706767,0.3,0.0118814326874395,0.102801894238358,0.0351436455172534,0.774594884317262,0.446049966239028,0.00615384615384615,0.0153412173158294,0.528488732519101
01/01/1998,39351500,2.67,0.85,0.71,79363.9,42422,37791,4630,-233,120,1.1191,84.739,0.0103669896142097,0.79375,0.363408521303258,0.375675675675676,0.0098345059332595,0.0404999696436161,0.0289707716609045,0.752461815918413,0.512761647535449,0.00615384615384615,0.0167082564825865,0.603146360511082
02/01/1998,32829327,2.13,0.54,0.46,75828.1,54565,10396,44169,-487,120,1.1329,78.434,0.00513413137624384,0.625,0.285714285714286,0.308108108108108,0.00592845400523878,0.0589308481573675,0.00719280909880812,0.778755100520825,0.49561107359892,0.00615384615384615,0.0197027232288163,0.552384326165192
03/01/1998,28335132,2.2,0.49,0.34,80508.7,47141,34092,13049,-814,120,1.1329,82.585,0.00152835683932569,0.646875,0.273182957393484,0.275675675675676,0.0110991838695676,0.0476625584360391,0.0260302101161995,0.758060418894404,0.473531397704254,0.00615384615384615,0.0197027232288163,0.585804342750409
04/01/1998,33227941,1.71,0.45,0.24,81166.1,45531,28874,16657,402,120,1.1404,82.535,0.00545394665156213,0.49375,0.263157894736842,0.248648648648649,0.0118254236278913,0.0452188695282618,0.0218821024816304,0.760459725170372,0.555638082376773,0.00615384615384615,0.021330150808289,0.585401788949093
05/01/1998,32152366,1.63,0.72,0.5,85207.5,62457,26587,35870,286,130,1.1473,80.997,0.00459099323108399,0.46875,0.330827067669173,0.318918918918919,0.0162900195501445,0.0709094772630684,0.020064026176483,0.773236297088381,0.54780553679946,0.0138461538461538,0.0228273841814039,0.573019234020627
06/01/1998,33968702,1.6,0.15,0.02,85562.4,62838,17294,45543,-262,130,1.1538,91.415,0.00604827269921739,0.459375,0.18796992481203,0.189189189189189,0.0166820829669821,0.0714877663772691,0.0126764515793097,0.779668805294434,0.510803511141121,0.0138461538461538,0.0242378214169469,0.656895344062734
07/01/1998,33174257,1.7,-0.28,-0.12,86938.5,57265,18534,38731,241,130,1.1607,93.332,0.00541087500018965,0.490625,0.0802005012531328,0.151351351351351,0.0182022815240695,0.063028959990286,0.0136622034894028,0.775138851205771,0.54476704929102,0.0138461538461538,0.0257350547900619,0.672329256805172
08/01/1998,38438602,1.48,-0.49,-0.51,86371.3,23055,13231,9825,691,130,1.1709,89.75,0.009634554914958,0.421875,0.0275689223057644,0.045945945945946,0.0175756870748435,0.0111043652480117,0.00944652415131928,0.755916471157785,0.575151924375422,0.0138461538461538,0.0279483562981447,0.643490302478926
09/01/1998,40408733,2.49,-0.31,-0.22,84733.5,74891,46981,27911,-1286,130,1.1801,100.446,0.0112152269138795,0.7375,0.0726817042606516,0.124324324324324,0.0157663845555515,0.0897820411632566,0.0362764652526427,0.767943592362652,0.441661039837947,0.0138461538461538,0.0299446674622979,0.729604611656348
10/01/1998,41575872,2.94,0.11,0.02,87302.8,57687,35265,22421,-1131,130,1.1876,111.926,0.012151643799939,0.878125,0.177944862155388,0.189189189189189,0.0186047292635847,0.0636694796915791,0.0269626996246988,0.764292763245394,0.452126941255908,0.0138461538461538,0.0315720950417706,0.822030964438397
11/01/1998,40385305,2.63,-0.18,-0.12,86316.5,40186,22867,17319,-761,130,1.1929,122.711,0.0111964302025995,0.78125,0.105263157894737,0.151351351351351,0.0175151486830635,0.0371061259182806,0.0171067704462038,0.760899952652271,0.47711006076975,0.0138461538461538,0.032722143864598,0.90886181938216
12/01/1998,36909161,2.4,0.42,0.33,83051.8,67881,24512,43369,-2527,130,1.2046,113.111,0.00840745653281868,0.709375,0.255639097744361,0.272972972972973,0.013908585039925,0.0791421285896424,0.0184144816495127,0.778223103563848,0.357866306549629,0.0138461538461538,0.0352609308885754,0.831571489529576
01/01/1999,39180814,2.18,0.65,0.7,80936.3,18934,27823,-8890,-582,130,1.5011,104.888,0.0102300451263518,0.640625,0.31328320802005,0.372972972972973,0.0115715600798797,0.00484943233562018,0.0210465982417048,0.743471067345495,0.489196488858879,0.0138461538461538,0.0995985678637301,0.765367491365221
02/01/1999,31030644,2.38,1.29,1.05,80929.1,63187,6618,56568,-497,130,1.9129,117.245,0.00369101523166454,0.703125,0.473684210526316,0.467567567567568,0.0115636061305948,0.0720174852771538,0.00418944561789553,0.787000388357779,0.4949358541526,0.0138461538461538,0.188955191493979,0.864854637822345
03/01/1999,39456258,3.33,1.28,1.1,88802.6,56668,35624,21045,-463,130,1.896,97.129,0.010451038866398,1,0.471177944862155,0.481081081081081,0.0202615810882483,0.0621228219294518,0.0272480907018951,0.763377728479393,0.497231600270088,0.0138461538461538,0.185288054681567,0.702899192477075
04/01/1999,29181138,2.35,0.47,0.56,87739,35009,12961,22048,-96,130,1.6933,86.505,0.00220712286814286,0.69375,0.268170426065163,0.335135135135135,0.0190866060244317,0.0292483759334588,0.00923188462250869,0.764044719664204,0.522012153950034,0.0138461538461538,0.141304111967017,0.617364560773547
05/01/1999,38819927,2.02,0.05,0.3,89223,65147,46634,18513,104,136,1.6827,74.219,0.00994049891055461,0.590625,0.162907268170426,0.264864864864865,0.0207260033492755,0.0749924109040131,0.0360006137100602,0.76169395811056,0.535516542876435,0.0184615384615385,0.139004014321363,0.518449040714291
06/01/1999,37013339,1.67,0.07,0.19,91746.9,72156,16927,55230,358,136,1.7646,81.05,0.00849104044043886,0.48125,0.167919799498747,0.235135135135135,0.0235141939882063,0.08563080565843,0.0123847008123709,0.786110623447234,0.552667116812964,0.0184615384615385,0.156775523489205,0.573445941050021
07/01/1999,39334523,1.66,0.74,1.09,91230.4,58081,19083,38998,619,136,1.7995,83.538,0.010353368657773,0.478125,0.335839598997494,0.478378378378378,0.0229436085985285,0.0642675004553458,0.0140986371979843,0.775316405190162,0.570290344361918,0.0184615384615385,0.164348486492351,0.593477018203483
08/01/1999,41229792,1.57,0.55,0.56,92283.4,67276,32101,35175,-210,136,1.88,74.489,0.0118739775100391,0.45,0.288220551378446,0.335135135135135,0.0241068736814534,0.0782238479752292,0.0244474423315259,0.772774124732007,0.514314652261985,0.0184615384615385,0.181816209178692,0.520622831241395
09/01/1999,31844149,1.49,0.39,0.31,90611.8,56723,23908,32815,285,136,1.8973,70.747,0.00434370511598322,0.425,0.24812030075188,0.267567567567568,0.0222602317891293,0.0622063019853075,0.0179343250739513,0.771204733708923,0.547738014854828,0.0184615384615385,0.185570142128675,0.49049570475094
10/01/1999,48408287,1.38,0.96,1.19,95872.4,59374,37047,22327,761,136,1.9687,75.166,0.017633414847403,0.390625,0.390977443609023,0.505405405405406,0.0280716964569685,0.0662300406775545,0.0283793205148487,0.764230253602949,0.579878460499662,0.0184615384615385,0.201063252685256,0.526073409711208
11/01/1999,39318414,1.39,0.94,0.95,99563.1,52457,38411,14046,131,136,1.9291,73.164,0.010340444113552,0.39375,0.385964912280702,0.440540540540541,0.0321488687661337,0.0557312852892963,0.0294636476159511,0.758723420102037,0.537339635381499,0.0184615384615385,0.19247043506564,0.509955155506534
12/01/1999,44051348,1.6,0.74,0.6,98772.5,57951,69966,-12015,-2081,136,1.842,68.513,0.014137763300217,0.459375,0.335839598997494,0.345945945945946,0.0312754809460383,0.0640701839596867,0.0545486488441661,0.741392954232302,0.387981093855503,0.0184615384615385,0.173570576109363,0.472509600908161
01/01/2000,49568630,1.46,0.61,0.62,92576.6,69814,13682,56132,-187,136,1.8029,64.761,0.0185643791788331,0.415625,0.303258145363409,0.351351351351351,0.0244307761717797,0.0820760730981725,0.00980505166055474,0.786710450016226,0.515867656988521,0.0184615384615385,0.165086253661712,0.442301963657443
02/01/2000,49507083,1.45,0.05,0.13,91770.4,46242,17356,28886,-560,136,1.7745,65.41,0.0185149988992894,0.4125,0.162907268170426,0.218918918918919,0.0235401547949002,0.046298038977597,0.0127257391748144,0.768591963653968,0.490681971640783,0.0184615384615385,0.158923727894109,0.447527111998519
03/01/2000,49225764,1.45,0.13,0.22,92579.9,68129,27661,40467,-418,136,1.7412,62.277,0.0182892915396952,0.4125,0.182957393483709,0.243243243243243,0.0244344217318686,0.0795185477505919,0.0209178145244184,0.776293284602412,0.500270087778528,0.0184615384615385,0.15169794944125,0.422303090808087
04/01/2000,36114693,1.3,0.09,0.42,91376.2,62880,12102,50777,194,151,1.7674,54.774,0.00777004038047187,0.365625,0.172932330827068,0.297297297297297,0.0231046760715489,0.071551514783559,0.0085490129364039,0.783149395385458,0.541593517893315,0.03,0.157383096452208,0.361895867382676
05/01/2000,42932209,1.49,-0.05,0.01,98727,51872,72117,-20245,354,151,1.8271,49.845,0.0132398576887622,0.425,0.137844611528822,0.186486486486487,0.0312252164054181,0.0548433610588307,0.0562586104236905,0.735920035537397,0.552397029034436,0.03,0.170337419984811,0.322212113648989
06/01/2000,56857869,1.39,0.3,0.23,102685.4,76090,30523,45567,2414,151,1.8075,42.692,0.0244126684452558,0.39375,0.225563909774436,0.245945945945946,0.0355981209678586,0.0916019063809119,0.0231929935298107,0.779684765203143,0.691492234976367,0.03,0.166084409243789,0.264622766832787
07/01/2000,55999658,1.31,1.39,1.61,103410.4,44342,51134,-6792,2431,151,1.797,40.19,0.0237241101225522,0.36875,0.49874686716792,0.618918918918919,0.0363990394722466,0.0434141825025803,0.0395779391902366,0.744866229365168,0.692640108035111,0.03,0.163806010632527,0.244478974614957
08/01/2000,61899535,1.41,1.21,1.31,105177.8,98845,47068,51777,524,151,1.8084,40.74,0.0284576889409054,0.4,0.453634085213033,0.537837837837838,0.0383515130786678,0.12613988221723,0.0363456268785927,0.78381439158168,0.563875759621877,0.03,0.166279700553325,0.248907066429428
09/01/2000,57120795,1.22,0.43,0.23,100307.6,56398,31108,25289,942,151,1.8384,44.736,0.0246236187658124,0.340625,0.258145363408521,0.245945945945946,0.0329713292165018,0.0617130107461599,0.0236580458422336,0.766199972336158,0.592099932478055,0.03,0.172789410871216,0.281079166230567
10/01/2000,55727721,1.29,0.16,0.14,106951.1,35741,71917,-36177,235,151,1.8788,43.242,0.0235059301125068,0.3625,0.19047619047619,0.221621621621622,0.0403105045046418,0.0303594195859389,0.0560996181801271,0.725325316139192,0.544361917623228,0.03,0.181555820765976,0.269050858647258
11/01/2000,60450338,1.22,0.29,0.32,107678,77855,59849,18006,-590,151,1.9472,40.267,0.0272949717820865,0.340625,0.223057644110276,0.27027027027027,0.0411135219678689,0.0942808572642827,0.0465060262035117,0.761356805039075,0.488656313301823,0.03,0.196397960290767,0.245098907468983
12/01/2000,56048922,1.2,0.55,0.59,105851.6,64191,50531,13659,-1493,151,1.9625,29.6,0.0237636355273881,0.334375,0.288220551378446,0.343243243243243,0.0390958701659183,0.0735413757513205,0.039098577575893,0.758466066574099,0.427683997299122,0.03,0.199717912552891,0.159218079496325
01/01/2001,73977916,1.27,0.77,0.57,102530.7,35779,89874,-54095,-341,151,1.9537,18.467,0.0381483940965553,0.35625,0.343358395989975,0.337837837837838,0.0354272215297499,0.0304170967154393,0.0703747367684668,0.71340991429529,0.505469277515192,0.03,0.19780839752631,0.0695854500954052
02/01/2001,57396118,1.02,0.49,0.46,101635.3,64379,9770,54608,434,151,2.0011,32.01,0.0248445154253538,0.278125,0.273182957393484,0.308108108108108,0.0344380595589513,0.0738267257604274,0.00669516337645468,0.785696995813184,0.557798784604997,0.03,0.208093739828578,0.178621172719734
03/01/2001,57602534,1.26,0.48,0.38,108303.8,42122,90192,-48069,89,151,2.0882,55.702,0.0250101267432456,0.353125,0.270676691729323,0.286486486486487,0.0418048527265531,0.0400446238844029,0.0706275344357326,0.717417181373723,0.534503713706955,0.03,0.226993598784854,0.369367265935092
04/01/2001,62930055,1.19,0.84,0.58,107572,40123,47599,-7475,911,180,2.1917,63.645,0.0292844939139395,0.33125,0.360902255639098,0.340540540540541,0.0409964221589515,0.0370105033088459,0.0367677512852536,0.744412036963149,0.590006752194463,0.0523076923076923,0.249452099381578,0.43331696281208
05/01/2001,61353659,1.34,0.57,0.41,111202.2,65483,95405,-29922,208,180,2.2964,67.129,0.0280197226797363,0.378125,0.293233082706767,0.294594594594595,0.0450067591998194,0.0755023981543319,0.0747716672642125,0.729484867346559,0.542538825118163,0.0523076923076923,0.272170988391017,0.461366911687747
06/01/2001,73267679,1.27,0.6,0.52,104949.4,58478,18721,39757,1814,180,2.375,63.212,0.0375785580102757,0.35625,0.300751879699248,0.324324324324324,0.0380991961319061,0.0648700746767045,0.0138108612371345,0.775821137303095,0.650979068197164,0.0523076923076923,0.289226429423891,0.429830846892687
07/01/2001,63123461,1.5,1.11,1.33,110758.9,53558,121177,-67620,1036,180,2.4652,59.713,0.0294396670717769,0.428125,0.428571428571429,0.543243243243243,0.0445170389612054,0.0574024042256087,0.095259407769792,0.704415840741391,0.598446995273464,0.0523076923076923,0.308798958446349,0.401660131876625
08/01/2001,76850516,1.6,0.79,0.7,113064.7,43154,38277,4877,604,180,2.5098,62.827,0.0404531334180024,0.459375,0.348370927318296,0.372972972972973,0.0470642912197127,0.0416110132960962,0.0293571228127636,0.75262606997888,0.569277515192438,0.0523076923076923,0.318476727785614,0.426731182622558
09/01/2001,63356569,1.32,0.44,0.28,108700.8,43671,91142,-47471,-323,180,2.6709,59.042,0.0296266938676217,0.371875,0.260651629072682,0.25945945945946,0.0422434246524041,0.0423957258211402,0.0713827475926587,0.717814849099063,0.506684672518569,0.0523076923076923,0.353433872192687,0.396257859862971
10/01/2001,80105250,1.53,0.94,0.83,116139,29533,66887,-37354,430,180,2.7394,63.919,0.0430644658104869,0.4375,0.385964912280702,0.408108108108108,0.0504605170928713,0.0209367980086212,0.0521009632545076,0.724542615616239,0.557528696826469,0.0523076923076923,0.368297710751872,0.435522957643289
11/01/2001,65168447,1.39,1.29,0.71,117882,28672,75290,-46618,582,180,2.5423,64.17,0.0310803966011262,0.39375,0.473684210526316,0.375675675675676,0.0523860356489379,0.0196299556796794,0.0587810223678238,0.71838209085444,0.567792032410533,0.0523076923076923,0.325528913963329,0.437543777725893
12/01/2001,70295214,1.39,0.74,0.65,113016.7,39340,86016,-46676,-1811,180,2.3619,71.173,0.0351936951796953,0.39375,0.335839598997494,0.359459459459459,0.0470112648911463,0.0358220508772995,0.0673077763901288,0.71834352107506,0.406212018906145,0.0523076923076923,0.286383855918412,0.493925463138148
01/01/2002,79414508,1.53,1.07,0.52,112374.8,45395,57491,-12095,-1182,180,2.3771,71.26,0.0425102709179244,0.4375,0.418546365914787,0.324324324324324,0.0463021482180889,0.0450124461174185,0.0446315076518992,0.741339754536604,0.448683322079676,0.0523076923076923,0.289682109146143,0.494625906752438
02/01/2002,69805136,1.25,0.31,0.36,111477.1,40855,21838,19018,400,180,2.4188,66.139,0.0348004966706177,0.35,0.228070175438596,0.281081081081081,0.0453104454023798,0.038121546961326,0.0162887553530701,0.762029781189652,0.555503038487509,0.0523076923076923,0.298730606488011,0.453396346421699
03/01/2002,62240447,1.37,0.62,0.6,118444.7,37312,28435,8877,-156,180,2.3458,63.706,0.0287312088502395,0.3875,0.305764411027569,0.345945945945946,0.0530076588798608,0.0327439135450185,0.0215331145070088,0.755286054763767,0.517960837272113,0.0523076923076923,0.282890311381144,0.433808078449685
04/01/2002,71218987,1.48,0.68,0.8,120385.9,40212,84807,-44595,660,200,2.3196,59.092,0.0359348550895996,0.421875,0.320802005012531,0.4,0.0551521319842993,0.0371455892174124,0.0663466682777881,0.719727378159397,0.57305874409183,0.0676923076923077,0.277205164370186,0.396660413664286
05/01/2002,69129581,1.41,0.09,0.21,123552.5,53567,41783,11784,-75,200,2.4796,57.382,0.0342584865848765,0.4,0.172932330827068,0.240540540540541,0.0586503230684304,0.057416064598385,0.0321442568424299,0.757219198706183,0.523430114787306,0.0676923076923077,0.311923619398937,0.382893073659295
06/01/2002,67744732,1.33,0.61,0.42,123424.4,64626,79710,-15083,1125,200,2.7132,65.689,0.0331473969989381,0.375,0.303258145363409,0.297297297297297,0.0585088090540688,0.0742016271021796,0.0622947509505749,0.739352745902293,0.604456448345712,0.0676923076923077,0.362612563740914,0.449773362209859
07/01/2002,65736938,1.54,1.15,1.19,126856.6,77067,108663,-31597,951,200,2.9338,81.505,0.0315365072888616,0.440625,0.43859649122807,0.505405405405406,0.0623004124896005,0.0930848157367494,0.0853112630900302,0.728370998717887,0.592707629979744,0.0676923076923077,0.410480633611804,0.577109180641993
08/01/2002,90199077,1.44,0.86,0.65,127800.1,74216,89583,-15367,1248,200,3.1093,78.738,0.0511629271315147,0.409375,0.365914786967419,0.359459459459459,0.0633427112604833,0.088757513205027,0.070143403054082,0.739163886982566,0.612761647535449,0.0676923076923077,0.448562438971466,0.55483185327719
09/01/2002,75259144,1.38,0.83,0.72,125137.8,56148,75922,-19774,1473,200,3.3412,72.371,0.0391763466661226,0.390625,0.358395989974937,0.378378378378378,0.0604016280408528,0.0613335559468156,0.0592834378574841,0.736233248745817,0.62795408507765,0.0676923076923077,0.498882499728762,0.503570652217669
10/01/2002,109600321,1.65,1.57,1.31,133125.4,58132,148078,-89946,890,200,3.8051,74.334,0.0667288987014479,0.475,0.543859649122807,0.537837837837838,0.0692256510003693,0.064344909234412,0.116644659490287,0.689569135664544,0.588588791357191,0.0676923076923077,0.599544320277748,0.519374914457317
11/01/2002,85808453,1.54,3.39,3.02,135966.6,54114,58483,-4369,54,200,3.5756,74.409,0.0476402494950567,0.440625,1,1,0.0723643677654274,0.0582463116993504,0.0454201091799737,0.746477515148613,0.532140445644835,0.0676923076923077,0.549745036345883,0.519978745159291
12/01/2002,75615800,1.74,2.7,2.1,130241.2,50724,73209,-22486,-2146,200,3.6251,76.787,0.039462498273527,0.503125,0.827067669172932,0.751351351351351,0.0660394314826371,0.0531009046202416,0.0571267080735466,0.734429779061664,0.383592167454423,0.0676923076923077,0.560486058370403,0.539124203949858
01/01/2003,76474531,1.97,2.47,2.25,125711.1,66415,30337,36078,-650,200,3.4376,71.913,0.0401514738017055,0.575,0.769423558897243,0.791891891891892,0.0610349612526675,0.0769170056462874,0.0230451307432967,0.773374616297195,0.484604996623903,0.0676923076923077,0.519800368883585,0.499883259397618
02/01/2003,94578224,1.83,1.46,1.57,131383,55694,87897,-32204,396,200,3.59,66.014,0.0546763965617512,0.53125,0.516290726817043,0.608108108108108,0.0673007952734098,0.0606444660312064,0.0688030984408426,0.727967346026781,0.55523295070898,0.0676923076923077,0.55286969729847,0.45238996191841
03/01/2003,76470314,1.78,1.37,1.23,140147.5,15739,51026,-35287,614,200,3.4461,65.456,0.0401480904257679,0.515625,0.493734335839599,0.516216216216216,0.0769830714550767,0,0.0394920833787124,0.725917162753829,0.569952734638758,0.0676923076923077,0.521644786806987,0.447897461495729
04/01/2003,85201978,1.87,1.38,0.97,141003.2,74053,70232,3822,414,240,3.1179,68.925,0.0471536635520174,0.54375,0.496240601503759,0.445945945945946,0.0779283762332902,0.0885101086758545,0.0547601085281055,0.751924498991866,0.556448345712357,0.0984615384615385,0.450428555929261,0.475826644231001
05/01/2003,77662199,1.97,0.99,0.61,140058.2,72487,57191,15297,1531,240,2.9549,64.375,0.0411043614785225,0.575,0.398496240601504,0.348648648648649,0.0768844203896397,0.0861332038127618,0.0443930192865541,0.75955533034351,0.631870357866307,0.0984615384615385,0.415059129868721,0.439194248311287
06/01/2003,73176940,1.86,-0.06,-0.15,137926,56428,54327,2101,1113,240,2.8824,62.578,0.0375057564572266,0.540625,0.135338345864662,0.143243243243243,0.0745289466861141,0.0617585453220812,0.0421162503587263,0.750780040538168,0.603646185010128,0.0984615384615385,0.399327329933818,0.424726464692006
07/01/2003,93750681,2.08,0.04,0.2,144626,65533,19061,46472,732,240,2.879,57.308,0.0540124437342471,0.609375,0.160401002506266,0.237837837837838,0.0819305383818375,0.0755782891142007,0.0140811480511923,0.780286586760724,0.577920324105334,0.0984615384615385,0.398589562764457,0.382297294033348
08/01/2003,94614768,1.77,0.18,0.34,144367.2,51500,37929,13571,1249,240,3.0017,55.785,0.0547057164788169,0.5125,0.195488721804511,0.275675675675676,0.0816446380936505,0.0542787323174064,0.0290804763089633,0.758407546908832,0.612829169480081,0.0984615384615385,0.425214277964631,0.370035505245276
09/01/2003,85950316,1.68,0.82,0.78,150356.6,68607,103652,-35045,388,240,2.922,51.609,0.0477540687648326,0.484375,0.355889724310777,0.394594594594595,0.0882612191835558,0.0802440653269383,0.0813277124275492,0.726078091833315,0.554692775151924,0.0984615384615385,0.407920147553434,0.336414211759402
10/01/2003,88944575,1.64,0.39,0.29,158352.2,108076,111016,-2940,1909,240,2.8607,48.266,0.05015641731872,0.471875,0.24812030075188,0.262162162162162,0.0970940798645001,0.140150871228219,0.0871818068355535,0.747427794713014,0.657393652937205,0.0984615384615385,0.394618639470544,0.309499464603444
11/01/2003,71118521,1.34,0.37,0.34,154756.8,60024,25858,34167,1395,240,2.913,46.557,0.0358542493872155,0.378125,0.243107769423559,0.275675675675676,0.0931221869118427,0.0672166231558497,0.0194844994486944,0.772103808566215,0.622687373396354,0.0984615384615385,0.405967234458067,0.295740175674479
12/01/2003,77147085,1.37,0.54,0.52,149262.6,44982,13449,31533,-2998,240,2.9245,50.413,0.0406910761304657,0.3875,0.285714285714286,0.324324324324324,0.0870526607783138,0.0443855867889017,0.00961982569680338,0.770352208585367,0.326063470627954,0.0984615384615385,0.408462623413258,0.326785124831934
01/01/2004,91164584,1.27,0.83,0.76,142458.5,98932,51157,47775,72,240,2.851,52.374,0.0519375709900514,0.35625,0.358395989974937,0.389189189189189,0.079536068232512,0.126271932487402,0.0395962232982464,0.781153076804401,0.533355840648211,0.0984615384615385,0.392513833134426,0.34257328491953
02/01/2004,95634051,1.08,0.39,0.61,141650.7,71832,10038,61794,249,240,2.9295,51.639,0.0555235058020024,0.296875,0.24812030075188,0.348648648648649,0.0786436793113471,0.0851390322384798,0.00690821298282963,0.790475658479234,0.545307224848076,0.0984615384615385,0.409547575132907,0.336655744040191
03/01/2004,88243591,1.38,0.57,0.47,160674.2,99336,22670,76667,709,240,2.9047,54.903,0.0495940050829387,0.390625,0.293233082706767,0.310810810810811,0.0996592285088985,0.126885131443142,0.0169501630862938,0.80036614690564,0.576367319378798,0.0984615384615385,0.40416621460345,0.36293445619007
04/01/2004,86101364,1.18,0.41,0.37,159111.3,54008,10628,43380,1264,240,2.9052,54.521,0.0478752573274678,0.328125,0.253132832080201,0.283783783783784,0.0979326691564737,0.0580854228644284,0.00737724010134166,0.778230418522006,0.613841998649561,0.0984615384615385,0.404274709775415,0.359858945148019
05/01/2004,94153040,1.23,0.4,0.51,160113.8,41830,21399,20430,1106,260,3.0996,52.563,0.0543352636913027,0.34375,0.25062656641604,0.321621621621622,0.0990401461228861,0.0396014206787688,0.0159397673784484,0.762968755818717,0.603173531397704,0.113846153846154,0.446457632635348,0.344094938288502
06/01/2004,96541628,1.23,0.5,0.71,162569.9,76908,38457,38451,830,260,3.1283,44.765,0.0562516713660005,0.34375,0.275689223057644,0.375675675675676,0.101753437072717,0.0928434824843665,0.0295002158319706,0.774952652270829,0.584537474679271,0.113846153846154,0.45268525550613,0.28131264743533
07/01/2004,105203985,1.29,0.73,0.91,168215.1,189828,42066,147762,2269,260,3.036,49.485,0.0632016382233119,0.3625,0.333333333333333,0.42972972972973,0.107989775198194,0.264235626252201,0.0323692308670722,0.847644051476026,0.681701553004727,0.113846153846154,0.432657046761419,0.319313726279517
08/01/2004,89030261,1.29,0.5,0.69,168069.3,129944,69797,60147,1932,260,3.0021,46.541,0.0502251647577987,0.3625,0.275689223057644,0.37027027027027,0.107828707725174,0.173342541436464,0.0544143003983551,0.789380409744056,0.658946657663741,0.113846153846154,0.425301074102203,0.295611358458058
09/01/2004,90936887,1.25,0.17,0.33,168968,170874,27338,143536,1458,260,2.8903,45.31,0.0517548855381,0.35,0.192982456140351,0.272972972972973,0.108821515256061,0.235466881185113,0.0206610420510635,0.844833777550792,0.62694125590817,0.113846153846154,0.401041553650863,0.285700483869669
10/01/2004,123130203,1.21,0.17,0.44,174389.4,84294,236777,-152483,422,260,2.8521,45.373,0.0775841695570977,0.3375,0.192982456140351,0.302702702702703,0.114810618124598,0.104054095076195,0.187156924549436,0.647982268541424,0.556988521269413,0.113846153846154,0.392752522512748,0.286207701659327
11/01/2004,115953671,1.25,0.44,0.69,178016,75463,116941,-41479,1915,260,2.7852,48.513,0.0718263071704015,0.35,0.260651629072682,0.37027027027027,0.118816978190823,0.0906502337441564,0.0918919520511192,0.721799506306824,0.657798784604997,0.113846153846154,0.378235868503852,0.311488080381943
12/01/2004,115765472,1.48,0.86,0.86,173515.1,116678,88645,28034,-2187,260,2.7174,46.567,0.0716753116835405,0.421875,0.365914786967419,0.416216216216216,0.113844765644065,0.153207151964058,0.0693977294317697,0.768025386894787,0.380823767724511,0.113846153846154,0.363523923185418,0.295820686434742
01/01/2005,117660884,1.38,0.57,0.58,161645.2,96325,59062,37262,1245,260,2.6922,40.79,0.0731960352673122,0.390625,0.293233082706767,0.340540540540541,0.100731906947189,0.12231497783984,0.0458803917250897,0.774161971793521,0.612559081701553,0.113846153846154,0.35805576651839,0.249309620230744
02/01/2005,119922424,1.22,0.44,0.59,159967.2,64440,10601,53839,425,260,2.597,38.218,0.0750105100166771,0.340625,0.260651629072682,0.343243243243243,0.0988781948777229,0.0739193127314674,0.0073557761484606,0.785185613738289,0.557191087103309,0.113846153846154,0.337398285776283,0.228602252691072
03/01/2005,113216212,1.53,0.73,0.61,178097.9,101134,80035,21099,882,260,2.7039,32.039,0.0696299939356493,0.4375,0.333333333333333,0.348648648648649,0.11890745436394,0.129614170360027,0.0625531133463654,0.763413638273989,0.588048615800135,0.113846153846154,0.360594553542367,0.178854653924497
04/01/2005,123948480,1.41,0.91,0.87,177915.9,122687,67936,54751,3522,260,2.5784,31.384,0.0782406881039667,0.4,0.378446115288221,0.418918918918919,0.118706396201459,0.162327727521098,0.0529348775719977,0.785792090269244,0.766306549628629,0.113846153846154,0.333362265379191,0.173581199127263
05/01/2005,114582369,1.5,0.7,0.49,178126.3,100581,113982,-13401,1658,300,2.452,38.507,0.070726086589402,0.428125,0.325814536340852,0.316216216216216,0.118938828275008,0.128774816343877,0.0895396618075987,0.740471269504338,0.640445644834571,0.144615384615385,0.305934685906477,0.230929013662676
06/01/2005,109671879,1.59,-0.11,-0.02,179515.2,116650,31679,84970,916,300,2.4127,44.712,0.0667863109887013,0.45625,0.12280701754386,0.178378378378378,0.12047316718638,0.153164653026531,0.0241119686976071,0.805887610322869,0.590344361917623,0.144615384615385,0.29740696539004,0.280885940405935
07/01/2005,125603020,1.51,0.03,0.25,181671.6,179760,30475,149285,556,300,2.3727,48.357,0.0795681556932263,0.43125,0.157894736842105,0.251351351351351,0.122855374997224,0.248954222573007,0.0231548353913554,0.848656840682871,0.566036461850101,0.144615384615385,0.288727351632852,0.310232112521839
08/01/2005,122026473,1.66,0,0.17,186714.7,161414,417887,-256473,1194,300,2.3598,47.907,0.0766986268671093,0.478125,0.150375939849624,0.22972972972973,0.128426564113747,0.221108311577925,0.331132350708271,0.578829314096323,0.609115462525321,0.144615384615385,0.285928176196159,0.306609128309999
09/01/2005,122365810,1.5,0.15,0.35,184472.8,145492,127117,18375,164,300,2.2936,47.796,0.0769708831252454,0.428125,0.18796992481203,0.278378378378378,0.125949903155144,0.196941594317285,0.0999814774036249,0.761602188635481,0.539567859554355,0.144615384615385,0.271563415428014,0.305715458871078
10/01/2005,140636302,1.41,0.58,0.75,192952.2,132196,133229,-1033,1488,300,2.2557,57.301,0.0916296317622242,0.4,0.295739348370927,0.386486486486487,0.13531722503943,0.176760670268958,0.104840280366922,0.748695942459209,0.62896691424713,0.144615384615385,0.263339481393078,0.382240936501163
11/01/2005,127111934,1.38,0.54,0.55,196416.4,144269,40073,104196,1947,300,2.21,61.733,0.0807787848892446,0.390625,0.285714285714286,0.332432432432432,0.139144179360673,0.195085301438893,0.0307848731599629,0.818672827191428,0.659959486833221,0.144615384615385,0.253423022675491,0.417923305449773
12/01/2005,127532963,1.47,0.4,0.36,193089,139216,44590,94626,-2591,300,2.2847,64.156,0.081116584127485,0.41875,0.25062656641604,0.281081081081081,0.135468350075844,0.187415761034546,0.0343757129808422,0.812308813593586,0.35354490209318,0.144615384615385,0.269632201367039,0.437431062661525
01/01/2006,154020548,1.43,0.38,0.59,181703.8,156384,188265,-31881,533,300,2.2731,58.47,0.10236805620145,0.40625,0.245614035087719,0.343243243243243,0.122890946825971,0.213473681015118,0.148591765950698,0.72818213979816,0.564483457123565,0.144615384615385,0.267115113377455,0.391652644375921
02/01/2006,160991794,1.15,0.23,0.41,176995.3,112525,135207,-22682,-366,300,2.1611,56.588,0.107961213889845,0.31875,0.208020050125313,0.294594594594595,0.117689395408163,0.146903648837351,0.106412713655764,0.734299439807204,0.503781228899392,0.144615384615385,0.242812194857329,0.376500519294404
03/01/2006,147245734,1.42,0.27,0.43,195571.4,124671,150978,-26307,1037,300,2.1512,56.481,0.0969324994858303,0.403125,0.218045112781955,0.3,0.138210695034869,0.165339080808694,0.118950047021956,0.7318888285959,0.598514517218096,0.144615384615385,0.240663990452425,0.375639054159588
04/01/2006,139990288,1.08,0.12,0.21,188584.2,113495,91234,22261,1132,350,2.1285,48.974,0.0911113229590475,0.296875,0.180451127819549,0.240540540540541,0.13049182913989,0.148375933458806,0.0714558840246979,0.764186363853999,0.604929101958136,0.183076923076923,0.235738309645221,0.315199626430072
05/01/2006,124338130,1.28,0.13,0.1,198732.6,97226,10290,86935,934,350,2.1773,63.381,0.0785533113987526,0.359375,0.182957393483709,0.210810810810811,0.141702920657036,0.123682532936677,0.00710854320971951,0.807194327848445,0.591559756920999,0.183076923076923,0.24632743842899,0.431191478741134
06/01/2006,136555347,1.18,-0.07,-0.21,194660.1,77930,170308,-92377,2283,350,2.2475,80.514,0.0883554072069236,0.328125,0.132832080200501,0.127027027027027,0.137203968092732,0.094394693704086,0.134316647362358,0.687952529911529,0.682646860229575,0.183076923076923,0.261560160572855,0.569130564299919
07/01/2006,156068769,1.17,0.11,0.19,203497.8,191297,124752,66545,3049,350,2.1885,88.334,0.104011381230244,0.325,0.177944862155388,0.235135135135135,0.146967109425463,0.266465302653148,0.0981013941234877,0.793635055407483,0.734368669817691,0.183076923076923,0.248757730281003,0.63208997882567
08/01/2006,151218858,1.26,-0.02,0.05,208796.1,212095,87753,124341,3289,350,2.1551,97.63,0.10012020926505,0.353125,0.145363408521303,0.197297297297297,0.15282022185553,0.298032906320199,0.0686886240254769,0.832069175564316,0.750573936529372,0.183076923076923,0.241510252793751,0.706932781566256
09/01/2006,180216904,1.06,0.16,0.21,205553.8,158867,198007,-39140,1959,350,2.1679,102.256,0.123385869942252,0.290625,0.19047619047619,0.240540540540541,0.149238403832389,0.217242426082205,0.156336278134671,0.723354932409787,0.660769750168805,0.183076923076923,0.244287729196051,0.744177059263971
10/01/2006,156539030,1.09,0.43,0.33,219040.8,181567,89105,92462,1697,350,2.1475,107.187,0.104388680199138,0.3,0.258145363408521,0.272972972972973,0.164137697444363,0.251696921862668,0.0697634115919655,0.810869761824962,0.643079000675219,0.183076923076923,0.239861126179885,0.78387691514971
11/01/2006,158901129,1.02,0.42,0.31,220983.2,169226,314227,-145001,1064,350,2.1571,111.558,0.106283835266481,0.278125,0.255639097744361,0.267567567567568,0.166283496207016,0.232965515147836,0.248726670869362,0.652957770081555,0.60033760972316,0.183076923076923,0.24194423348161,0.819068168460715
12/01/2006,161844935,0.99,0.62,0.48,215330.9,123911,165606,-41695,-2879,350,2.1491,109.519,0.108645704459168,0.26875,0.305764411027569,0.313513513513514,0.160039314603771,0.164185538218687,0.130578739716183,0.72165586712844,0.334098582039163,0.183076923076923,0.240208310730173,0.802652024443067
01/01/2007,179013720,1.08,0.49,0.44,206665.4,179561,170134,9427,-252,350,2.1377,107.516,0.122420533495919,0.296875,0.273182957393484,0.302702702702703,0.150466405224773,0.248652176552729,0.134178324110458,0.755651802671689,0.511478730587441,0.183076923076923,0.237734620809374,0.786525719162366
02/01/2007,151069965,0.87,0.42,0.44,201550.6,159717,104653,55065,1893,350,2.0955,107.622,0.10000074969818,0.23125,0.255639097744361,0.302702702702703,0.144816008029954,0.218532572399976,0.082123468606584,0.786000899074857,0.656313301823093,0.183076923076923,0.228577628295541,0.787379133221155
03/01/2007,159980542,1.05,0.44,0.37,223206.9,163549,139055,24494,937,350,2.0879,108.849,0.107149867984291,0.2875,0.260651629072682,0.283783783783784,0.168740051349371,0.224348855564325,0.109471724421924,0.765671300360162,0.591762322754895,0.183076923076923,0.226928501681675,0.797257803505439
04/01/2007,156159775,0.94,0.26,0.25,218922.4,202724,151515,51209,2315,380,2.0312,108.26,0.104084397002259,0.253125,0.215538847117794,0.251351351351351,0.164006899167233,0.283809422621577,0.119376941195924,0.783436673742226,0.684807562457799,0.206153846153846,0.214625149180862,0.792515719725941
05/01/2007,156671875,1.03,0.26,0.28,227533.9,202514,117049,85464,2309,380,1.9808,110.867,0.104495264163197,0.28125,0.215538847117794,0.25945945945946,0.173520153926594,0.283490680590128,0.0919778078626434,0.806216118443803,0.684402430790007,0.206153846153846,0.203688835846805,0.813504874926534
06/01/2007,164040687,0.91,0.31,0.28,224198.4,135879,249060,-113181,247,380,1.9311,107.55,0.110407396297414,0.24375,0.228070175438596,0.25945945945946,0.16983537644882,0.182350798372898,0.196921433187882,0.674117949045332,0.545172180958812,0.206153846153846,0.192904415753499,0.786799455747261
07/01/2007,162483469,0.97,0.32,0.24,230915,235122,260982,-25860,1549,380,1.882,109.156,0.109158011922052,0.2625,0.230576441102757,0.248648648648649,0.177255306416506,0.332983728978204,0.206398960826696,0.732186081895612,0.633085752869683,0.206153846153846,0.182250189866551,0.799729483845516
08/01/2007,167434808,0.99,0.59,0.47,233903,202502,200408,2095,2393,380,1.9652,112.531,0.11313056141976,0.26875,0.298245614035088,0.310810810810811,0.180556195369763,0.28347246675976,0.15824498001865,0.750776050560991,0.690074274139095,0.206153846153846,0.200303786481502,0.826901865434315
09/01/2007,174034808,0.8,0.25,0.18,227028,179034,224908,-45874,2636,380,1.8988,110.467,0.118425861677906,0.209375,0.213032581453634,0.232432432432432,0.172961278517808,0.247852285835711,0.177721529855166,0.718876848024429,0.706482106684673,0.206153846153846,0.18589562764457,0.81028444451601
10/01/2007,176045359,0.93,0.3,0.3,245688.9,174933,113804,61129,1034,380,1.8002,107.679,0.120038963379318,0.25,0.225563909774436,0.264864864864865,0.193576257991648,0.241627709307267,0.0893981587108273,0.790033436008746,0.5983119513842,0.206153846153846,0.164500379733102,0.787838044554655
11/01/2007,185451171,0.84,0.43,0.38,243269.5,185997,301420,-115424,913,380,1.7691,102.877,0.127585417729571,0.221875,0.258145363408521,0.286486486486487,0.190903510088867,0.258420860907049,0.238545602552779,0.672626362577206,0.590141796083727,0.206153846153846,0.157751980036888,0.74917677747631
12/01/2007,170722747,0.84,0.97,0.74,237380.9,149060,289883,-140823,-2019,380,1.7852,102.304,0.11576853478877,0.221875,0.393483709273183,0.383783783783784,0.184398284288951,0.202357173213527,0.229374134982825,0.65573612418937,0.392167454422687,0.206153846153846,0.161245524574156,0.744563510913234
01/01/2008,207382550,0.93,0.69,0.54,232828.5,161974,95468,66506,554,380,1.7735,102.705,0.145181362711421,0.25,0.323308270676692,0.32972972972973,0.179369178910501,0.221958290328456,0.074821749820935,0.79360912055583,0.565901417960837,0.206153846153846,0.158706737550179,0.747791992399784
02/01/2008,187975527,0.8,0.48,0.49,231983.8,147036,253506,-106470,1015,380,1.7269,109.133,0.129610754544489,0.209375,0.270676691729323,0.316216216216216,0.178436025999251,0.199285107158035,0.200455830762296,0.678580738518176,0.597029034436192,0.206153846153846,0.148594987523055,0.799544309096911
03/01/2008,168686278,0.84,0.51,0.48,247243,101144,533143,-431998,1248,415,1.7068,116.123,0.114134638603709,0.221875,0.278195488721804,0.313513513513514,0.195293095850502,0.129629348552,0.422756400828986,0.462105856754499,0.612761647535449,0.233076923076923,0.144233481610068,0.855821330520824
04/01/2008,162907643,0.9,0.64,0.55,253193.5,116287,311881,-195594,2909,415,1.6881,112.668,0.109498334451097,0.240625,0.31077694235589,0.332432432432432,0.201866703519965,0.152613684657884,0.246861691852363,0.619313617526108,0.72491559756921,0.233076923076923,0.140175762178583,0.82800486284992
05/01/2008,180882042,0.88,0.96,0.79,255741,280093,570705,-290612,1705,415,1.6597,109.501,0.123919522279086,0.234375,0.390977443609023,0.397297297297297,0.204680965437108,0.401241576103455,0.452616734092627,0.556127008953509,0.643619176232276,0.233076923076923,0.13401323641098,0.802507105074593
06/01/2008,180882328,0.96,0.91,0.74,260590.7,189948,369296,-179348,3445,415,1.6181,109.092,0.123919751742097,0.259375,0.378446115288221,0.383783783783784,0.210038502638115,0.264417764555886,0.292504390173325,0.630117145729926,0.761107359891965,0.233076923076923,0.124986438103504,0.799214214979832
07/01/2008,189133635,1.07,0.58,0.53,271286.3,314007,354393,-40386,53,415,1.5906,111.918,0.130539925694695,0.29375,0.295739348370927,0.327027027027027,0.221854094300918,0.452716896363305,0.280657083144199,0.722526347149294,0.532072923700203,0.233076923076923,0.119019203645438,0.821966555830187
08/01/2008,205838656,1.02,0.21,0.28,268548.1,355894,561037,-205143,4815,415,1.6115,112.787,0.143942668424034,0.278125,0.203007518796992,0.25945945945946,0.218829163199242,0.516293789083844,0.444931049038773,0.612963568848386,0.853612424037812,0.233076923076923,0.123554301833568,0.828962940897051
09/01/2008,217797772,1.1,0.15,0.26,272768.2,339824,378057,-38233,4165,415,1.7988,112.878,0.153537685097065,0.303125,0.18796992481203,0.254054054054054,0.223491171723887,0.491902434581993,0.29946904540262,0.72395808395976,0.809723160027009,0.233076923076923,0.1641965932516,0.829695588815445
10/01/2008,216408252,1.18,0.5,0.45,284924.2,343108,390152,-47045,818,415,2.1721,101.398,0.152422847882716,0.328125,0.275689223057644,0.305405405405405,0.236920089433322,0.496886952826179,0.309084101332117,0.718098137478654,0.583727211343687,0.233076923076923,0.245199088640556,0.737269236033396
11/01/2008,227373132,1.02,0.38,0.36,272113.4,291449,137381,154068,-919,415,2.2655,96.522,0.161220170897041,0.278125,0.245614035087719,0.281081081081081,0.222767804225027,0.41847793090887,0.108140959343298,0.8518375174894,0.466441593517893,0.233076923076923,0.265465986763589,0.698012189329104
12/01/2008,205057371,1.12,0.29,0.28,258582.5,214399,147301,67098,-5711,415,2.3936,111.317,0.143315829232794,0.309375,0.223057644110276,0.25945945945946,0.207820013616719,0.301529961750956,0.116026974624043,0.794002798303994,0.142876434841323,0.233076923076923,0.293262449820983,0.817127859138374
01/01/2009,216691450,1.05,0.64,0.48,244784.2,157534,94953,62582,-3202,415,2.3066,120.247,0.152650062798247,0.2875,0.31077694235589,0.313513513513514,0.192576822169689,0.215219173092101,0.0744123447937592,0.790999675481856,0.312288993923025,0.233076923076923,0.2743842898991,0.88902396805333
02/01/2009,195452236,0.86,0.31,0.55,242501.2,108594,26304,82290,-1243,465,2.3119,125.328,0.135609454407789,0.228125,0.228070175438596,0.332432432432432,0.190054757417251,0.140937101572461,0.0198390521518408,0.804105420516995,0.444564483457124,0.271538461538462,0.275534338721927,0.929931485343016
03/01/2009,186529587,0.97,0.2,0.2,268841.6,125010,131114,-6104,-402,465,2.313,118.234,0.128450650536115,0.2625,0.200501253132832,0.237837837837838,0.219153397104122,0.165853621516605,0.103158937391239,0.745323746748169,0.50135043889264,0.271538461538462,0.27577302810025,0.872817152012366
04/01/2009,186877695,0.84,0.55,0.48,263428.8,68099,82506,-14407,-879,465,2.2051,110.442,0.128729943927367,0.221875,0.288220551378446,0.313513513513514,0.21317379478612,0.0794730131746706,0.0645174625155912,0.739802283330939,0.469142471303174,0.271538461538462,0.252359769990235,0.810083167615352
05/01/2009,189709529,0.77,0.6,0.47,268742.3,85529,149332,-63803,-1226,465,2.0601,108.12,0.13100197594422,0.2,0.300751879699248,0.310810810810811,0.2190436988869,0.105928601784955,0.117641540857429,0.706954131222369,0.445712356515868,0.271538461538462,0.22089617012043,0.791388569082258
06/01/2009,186747823,0.76,0.42,0.36,271406.4,86779,138411,-51632,-1163,465,1.9568,110.741,0.128625745255378,0.196875,0.255639097744361,0.281081081081081,0.221986770593852,0.107825875781677,0.10895976939765,0.715047799926584,0.449966239027684,0.271538461538462,0.198481067592492,0.812490439347219
07/01/2009,218970655,0.79,0.23,0.24,281459.6,129586,263088,-133502,1195,465,1.932,109.334,0.154478710498985,0.20625,0.208020050125313,0.248648648648649,0.233092693226008,0.172799162163803,0.208073149151419,0.660604561341909,0.609182984469953,0.271538461538462,0.193099707063036,0.801162575378199
08/01/2009,225761068,0.69,0.08,0.15,282508.7,108589,189567,-80978,1998,465,1.8444,114.095,0.159926782576534,0.175,0.170426065162907,0.224324324324324,0.234251649919737,0.140929512476474,0.149626805456296,0.695532821552261,0.663403106009453,0.271538461538462,0.174091352934794,0.839493748339466
09/01/2009,231483383,0.69,0.16,0.24,288874.9,113114,300751,-187637,917,465,1.819,110.401,0.164517900166942,0.175,0.19047619047619,0.248648648648649,0.241284487688888,0.147797644344606,0.23801377349806,0.624604992259444,0.590411883862255,0.271538461538462,0.16857979819898,0.809753073498273
10/01/2009,220654244,0.69,0.24,0.28,309134.7,119109,216491,-97382,318,465,1.7376,116.059,0.155829484630245,0.175,0.210526315789474,0.25945945945946,0.263665796261578,0.156896970432882,0.1710303412848,0.684624223949439,0.549966239027684,0.271538461538462,0.150916784203103,0.85530606165514
11/01/2009,228669694,0.66,0.37,0.41,307944.4,87497,205787,-118290,273,465,1.7252,115.006,0.162260426214208,0.165625,0.243107769423559,0.294594594594595,0.262350853784649,0.108915669965394,0.162521076409287,0.670720483478835,0.546927751519244,0.271538461538462,0.148226103938375,0.846828278599435
12/01/2009,226969878,0.73,0.24,0.37,303412.3,60451,195084,-134632,-3827,465,1.7495,115.82,0.160896632865177,0.1875,0.210526315789474,0.283783783783784,0.257344174124323,0.0678647319531297,0.154012606494992,0.659853115640179,0.270087778528022,0.271538461538462,0.153498969295866,0.853381854484852
01/01/2010,242934163,0.66,0.88,0.75,284389.3,82539,119623,-37085,816,510,1.779,122.286,0.173705069604817,0.165625,0.370927318295739,0.386486486486487,0.23632917728436,0.101390322384798,0.0940240380373043,0.724721499593022,0.583592167454423,0.306153846153846,0.159900184441792,0.905440112070978
02/01/2010,212775152,0.59,0.7,0.78,283356.4,273166,276681,-3516,226,510,1.8394,114.38,0.149507945554251,0.14375,0.325814536340852,0.394594594594595,0.235188116976523,0.390727642523223,0.218879056985205,0.747044756903991,0.54375422012154,0.306153846153846,0.173006401215146,0.841788305006964
03/01/2010,215952715,0.76,0.71,0.52,318651.7,486192,397977,88215,3792,510,1.785,103.149,0.152057362247308,0.196875,0.328320802005013,0.324324324324324,0.27417937061504,0.7140625948637,0.315304672861534,0.808045522979609,0.784537474679271,0.306153846153846,0.161202126505371,0.751366670155466
04/01/2010,220640541,0.67,0.73,0.57,311651,325495,393879,-68384,5114,510,1.7558,96.032,0.155818490463663,0.16875,0.333333333333333,0.337837837837838,0.266445591065152,0.470153603302775,0.31204692179092,0.703907783647478,0.873801485482782,0.306153846153846,0.154866008462623,0.694067162076211
05/01/2010,238449164,0.75,0.43,0.43,315947.5,201771,220855,-19084,1756,510,1.8124,90.762,0.170106673186259,0.19375,0.258145363408521,0.3,0.271191999829432,0.282362940926477,0.174499552039354,0.73669209612121,0.647062795408508,0.306153846153846,0.167147661929044,0.651637991417553
06/01/2010,238652900,0.79,-0.11,0,316546.6,225740,252492,-26752,4702,510,1.8054,85.17,0.170270134291318,0.20625,0.12280701754386,0.183783783783784,0.271853834692851,0.318743549268411,0.19964974008743,0.731592905288582,0.845982444294396,0.306153846153846,0.165628729521536,0.606616374278422
07/01/2010,244575938,0.86,-0.07,0.01,328891.3,192862,274451,-81590,4473,510,1.7688,82.27,0.175022295601986,0.228125,0.132832080200501,0.186486486486487,0.285491212156463,0.268840689697043,0.217106293469473,0.695125843880173,0.830519918973666,0.306153846153846,0.157686882933709,0.583268253802121
08/01/2010,249944556,0.89,-0.07,0.04,332382.6,263382,368701,-105319,2414,510,1.7588,77.501,0.179329635644606,0.2375,0.132832080200501,0.194594594594595,0.289348104259042,0.375877299496084,0.292031388248724,0.679346149140027,0.691492234976367,0.306153846153846,0.155516979494412,0.544872672232644
09/01/2010,275723331,0.85,0.54,0.45,336660.8,234634,383838,-149204,3198,510,1.7179,77.173,0.200012416540393,0.225,0.285714285714286,0.305405405405405,0.294074296735556,0.332243033209884,0.30406471620282,0.650162791068835,0.74442943956786,0.306153846153846,0.146642074427688,0.542231919296014
10/01/2010,271524127,0.81,0.92,0.75,350937.7,230629,343384,-112755,3932,510,1.6852,75.337,0.196643318657786,0.2125,0.380952380952381,0.386486486486487,0.309846204866999,0.326164167324388,0.271905355097252,0.674401237424922,0.793990546927752,0.306153846153846,0.139546490181187,0.527450143711707
11/01/2010,254639515,0.81,1.03,0.83,358427.1,169575,552672,-383097,1887,510,1.7125,74.555,0.183096486796831,0.2125,0.408521303258145,0.408108108108108,0.318119858724604,0.23349523404772,0.438281198451734,0.49462483574594,0.655908170155301,0.306153846153846,0.145470326570468,0.521154202259132
12/01/2010,282313489,0.93,0.6,0.63,348004.9,256099,232188,23912,-6407,510,1.6927,77.268,0.205299820382609,0.25,0.300751879699248,0.354054054054054,0.306606296191594,0.364823022281586,0.183508847520874,0.765284272573961,0.0958811613774477,0.306153846153846,0.14117391776066,0.542996771518513
01/01/2011,279147070,0.86,0.94,0.83,327590.9,176322,161227,15095,-106,540,1.6741,84.192,0.202759344723806,0.228125,0.385964912280702,0.408108108108108,0.284054640538385,0.243735960172424,0.127097604543362,0.759421001111874,0.521336934503714,0.329230769230769,0.137137897363567,0.59874242192469
02/01/2011,250499585,0.84,0.54,0.8,332322.4,185281,285496,-100214,116,540,1.6672,78.636,0.179774945524451,0.221875,0.285714285714286,0.4,0.289281600405298,0.257334102361727,0.225886640120262,0.682740954721739,0.536326806212019,0.329230769230769,0.135640663990452,0.554010643522507
03/01/2011,255084275,0.92,0.66,0.79,356617.3,205225,394802,-189577,-3816,545,1.6583,73.642,0.183453325848773,0.246875,0.315789473684211,0.397297297297297,0.316120545194616,0.287605488434218,0.312780670994966,0.623314899638774,0.270830519918974,0.333076923076923,0.133709449929478,0.51380356984711
04/01/2011,268330686,0.84,0.72,0.77,354617.8,302992,595126,-292134,1935,545,1.5856,76.6,0.194081162756017,0.221875,0.330827067669173,0.391891891891892,0.313911667195273,0.435998117904195,0.472030481992936,0.555114884742859,0.659149223497637,0.333076923076923,0.117934251925789,0.537618652732938
05/01/2011,254378358,0.99,0.57,0.47,368272.7,236425,463908,-227483,24,545,1.6127,74.455,0.182886955777207,0.26875,0.293233082706767,0.310810810810811,0.328996442485711,0.334961447392387,0.367717260913426,0.598107553824792,0.530114787305874,0.333076923076923,0.123814690246284,0.520349094656501
06/01/2011,272346469,0.96,0.22,0.15,363821.7,300312,492406,-192094,4683,545,1.5862,76.707,0.197303098628223,0.259375,0.205513784461153,0.224324324324324,0.324079355226358,0.431930362455224,0.390372065698775,0.621641104212884,0.844699527346388,0.333076923076923,0.118064446132147,0.538480117867753
07/01/2011,277187622,0.97,0,0.16,367333.1,280616,461284,-180668,3021,545,1.5631,71.824,0.201187243890439,0.2625,0.150375939849624,0.227027027027027,0.327958452104024,0.402035395543683,0.365631282677875,0.629239350750914,0.732478055367995,0.333076923076923,0.113051969187371,0.499166713631277
08/01/2011,296849458,1.07,0.42,0.37,374887.3,327689,722189,-394501,3429,545,1.5962,68.223,0.216962293170201,0.29375,0.255639097744361,0.283783783783784,0.336303691505193,0.47348369862182,0.573040639212416,0.487041219124227,0.760027008777853,0.333076923076923,0.120234349571444,0.470174788860531
09/01/2011,315600189,0.94,0.45,0.53,370113.8,350213,694350,-344137,3759,545,1.749,72.221,0.232006346307281,0.253125,0.263157894736842,0.327027027027027,0.331030333600785,0.507671058223544,0.550909713869609,0.520533087550739,0.782309250506415,0.333076923076923,0.153390474123902,0.502362990813722
10/01/2011,305895677,0.88,0.32,0.43,383776.1,233402,647947,-414545,2064,545,1.7719,64.135,0.224220239504435,0.234375,0.230576441102757,0.3,0.346123283783543,0.330373079958715,0.514021128479247,0.473712035367158,0.667859554355165,0.333076923076923,0.158359552999892,0.437261990064972
11/01/2011,312120959,0.86,0.57,0.52,391537.9,267176,765070,-497894,334,545,1.7897,68.409,0.229214896683471,0.228125,0.293233082706767,0.324324324324324,0.354697862055762,0.381635905530933,0.607129371193626,0.41828526740827,0.551046590141796,0.333076923076923,0.16222198112184,0.471672289001425
12/01/2011,324927753,0.91,0.51,0.5,385490.9,230505,600532,-370028,-298,545,1.8362,56.357,0.239490020861384,0.24375,0.278195488721804,0.318918918918919,0.348017649371577,0.325975957743914,0.476328042336455,0.503315671034362,0.508372721134369,0.333076923076923,0.172312032114571,0.374640720732326
01/01/2012,331270199,0.89,0.51,0.56,364190.6,177495,522529,-345034,-900,622,1.789,50.163,0.244578680852456,0.2375,0.278195488721804,0.335135135135135,0.324486884655694,0.245516362090948,0.414318682463076,0.519936585962728,0.467724510465901,0.392307692307692,0.162070087881089,0.324772355825356
02/01/2012,290083865,0.75,0.39,0.45,367525.1,187804,741612,-553807,-811,622,1.7178,46.231,0.211534134630896,0.19375,0.24812030075188,0.305405405405405,0.328170557418289,0.261163560196709,0.588481170946075,0.381103335088923,0.47373396353815,0.392307692307692,0.146620375393295,0.293115524889902
03/01/2012,309324223,0.82,0.18,0.21,397758.4,263998,595486,-331488,-1637,622,1.7947,43.283,0.226971024431536,0.215625,0.195488721804511,0.240540540540541,0.361569742823411,0.376812276121668,0.47231666803135,0.528944624436748,0.417960837272113,0.392307692307692,0.163306932841489,0.269380952764337
04/01/2012,289694560,0.71,0.64,0.64,385880,330419,582256,-251837,625,622,1.8542,42.496,0.211221788135896,0.18125,0.31077694235589,0.356756756756757,0.348447494047518,0.47762734503066,0.461799331119631,0.581912236462007,0.57069547602971,0.392307692307692,0.176217858305305,0.26304475593163
05/01/2012,293427933,0.74,0.55,0.36,401862.3,291107,574462,-283355,173,622,1.9854,40.882,0.214217141319329,0.190625,0.288220551378446,0.281081081081081,0.366103383444319,0.417958836743367,0.455603403387966,0.56095288634949,0.540175557056043,0.392307692307692,0.204686991428881,0.250050319225164
06/01/2012,309805632,0.64,0.26,0.08,395383.3,244137,674594,-430458,1865,622,2.0486,53.696,0.227357267643957,0.159375,0.215538847117794,0.205405405405405,0.358945933803036,0.34666686904256,0.535204460050416,0.463129950896681,0.654422687373396,0.392307692307692,0.218400781165238,0.353216807426313
07/01/2012,324833929,0.68,0.43,0.43,409021,307736,404088,-96353,34,622,2.0282,74.822,0.239414744156623,0.171875,0.258145363408521,0.3,0.374011707992404,0.443198652176553,0.320162680863614,0.685308505035351,0.530790006752195,0.392307692307692,0.213974178149072,0.523303839558157
08/01/2012,317085754,0.69,0.45,0.41,418752,210704,282258,-71554,1434,622,2.0289,98.694,0.233198242175159,0.175,0.263157894736842,0.294594594594595,0.384761691394059,0.295921619816647,0.22331255569697,0.701799745705455,0.625320729237002,0.392307692307692,0.214126071389823,0.715499126458251
09/01/2012,340891123,0.54,0.63,0.57,402675.8,380065,393034,-12969,1832,622,2.0275,114.695,0.252297723479851,0.128125,0.308270676691729,0.337837837837838,0.367002069242001,0.552980996903649,0.311375179561865,0.740758547861106,0.65219446320054,0.392307692307692,0.213822284908322,0.844324393955252
10/01/2012,334945022,0.61,0.71,0.59,431405.6,377880,734203,-356323,22,622,2.0293,134.031,0.247527058304054,0.15,0.328320802005013,0.343243243243243,0.398740315376299,0.54966456195738,0.582591303283269,0.512429443903581,0.52997974341661,0.392307692307692,0.214212867527395,1
11/01/2012,369257801,0.55,0.54,0.6,426600.5,132373,1259271,-1126898,-318,622,2.0672,130.906,0.275056826106541,0.13125,0.285714285714286,0.345945945945946,0.393432048472251,0.177029324266893,1,0,0.507022282241729,0.392307692307692,0.222436801562331,0.974840387417778
12/01/2012,348307865,0.55,0.74,0.79,413705.4,202947,296755,-93808,-7827,622,2.0772,121.519,0.258248310726397,0.13125,0.335839598997494,0.397297297297297,0.379186635774411,0.284147896302592,0.234837108471663,0.687000920354736,0,0.392307692307692,0.224606705001627,0.899264936758798
01/01/2013,383895201,0.6,0.92,0.86,408889.7,179558,1241458,-1061900,-3233,678,2.0305,108.116,0.2868006788336,0.146875,0.380952380952381,0.416216216216216,0.373866658889472,0.248647623095137,0.985839355827026,0.0432234227620218,0.310195813639433,0.435384615384615,0.214473255940111,0.791356364778153
02/01/2013,359357830,0.49,0.52,0.6,398093.7,130294,597828,-467534,-1217,678,1.9727,103.11,0.26711389898655,0.1125,0.280701754385965,0.345945945945946,0.361940153822751,0.173873778155546,0.474178467203478,0.438474551925563,0.446320054017556,0.435384615384615,0.201931214060974,0.75105267819044
03/01/2013,320393730,0.55,0.6,0.47,434630.2,148776,743904,-595128,-729,678,1.9823,93.99,0.235852291594362,0.13125,0.300751879699248,0.310810810810811,0.402302579940781,0.201926112561472,0.590303222057312,0.353625027264844,0.479270762997974,0.435384615384615,0.204014321362699,0.677626864830485
04/01/2013,332909068,0.61,0.59,0.55,446505,289084,445384,-156300,-736,678,2.0016,92.324,0.245893575312876,0.15,0.298245614035088,0.332432432432432,0.415420851742031,0.414888288507073,0.352991399314584,0.645443978060446,0.47879810938555,0.435384615384615,0.208202235000542,0.664213772170651
05/01/2013,344472322,0.6,0.35,0.37,441335.3,221218,720569,-499350,-1836,678,2.0343,90.895,0.255170984690332,0.146875,0.238095238095238,0.283783783783784,0.409709805683914,0.311879970857871,0.571752802039553,0.417317032946572,0.404523970290344,0.435384615384615,0.215297819247044,0.652708784529052
06/01/2013,332679440,0.61,0.28,0.26,434739.6,222375,459032,-236657,734,678,2.1724,92.375,0.24570934058444,0.15,0.220551378446115,0.254054054054054,0.402423435781305,0.313636087669237,0.363841030015351,0.592006878720654,0.578055367994598,0.435384615384615,0.245264185743734,0.664624377047993
07/01/2013,366418175,0.72,-0.13,0.03,452597.6,237292,360228,-122935,1576,678,2.2516,81.529,0.272778542426111,0.184375,0.117794486215539,0.191891891891892,0.422151439438354,0.336277396636513,0.285295681850161,0.667631576147384,0.634908845374747,0.435384615384615,0.262449820982966,0.577302406466624
08/01/2013,383635706,0.71,0.16,0.24,453781.6,198584,205072,-6488,3535,678,2.3416,76.112,0.28659248126686,0.18125,0.19047619047619,0.248648648648649,0.423459422209658,0.277525651144436,0.161952679138548,0.74506838820882,0.767184334908845,0.435384615384615,0.281978951936639,0.533689727632098
09/01/2013,403898875,0.71,0.27,0.35,447754.9,216891,398963,-182071,2913,678,2.2699,71.265,0.302849990969369,0.18125,0.218045112781955,0.278378378378378,0.416801635243596,0.30531236719082,0.316088504622302,0.628306361087615,0.725185685347738,0.435384615384615,0.26642074427688,0.494666162132569
10/01/2013,364972896,0.81,0.61,0.57,475713.5,222597,620315,-397718,3563,678,2.1881,76.497,0.271618968750081,0.2125,0.303258145363409,0.337837837837838,0.44768792503226,0.313973043531055,0.492054760108528,0.484901926360981,0.769074949358542,0.435384615384615,0.248670934143431,0.536789391902228
11/01/2013,401678095,0.72,0.54,0.54,470324.8,153230,299164,-145934,653,678,2.2947,70.672,0.301068218710689,0.184375,0.285714285714286,0.32972972972973,0.44173494635006,0.20868647926659,0.236752170045384,0.65233732863048,0.572586090479406,0.435384615384615,0.271802104806336,0.489891874048967
12/01/2013,395999509,0.79,0.72,0.92,467252.9,161665,742094,-580429,-5804,678,2.3449,67.139,0.296512185693764,0.20625,0.330827067669173,0.432432432432432,0.438341371793329,0.221489284196467,0.588864342253063,0.363399806353108,0.136596893990547,0.435384615384615,0.282695020071607,0.46144742244801
01/01/2014,408968190,0.85,0.63,0.55,453279.5,129928,622440,-492512,-452,724,2.3816,67.526,0.306917194761509,0.225,0.308270676691729,0.332432432432432,0.42290474471855,0.173318256329306,0.493744052696389,0.421864276936336,0.49797434166104,0.470769230769231,0.290658565693827,0.464563188870192
02/01/2014,368326939,0.79,0.64,0.69,455501.9,128877,632267,-503390,-866,724,2.3831,61.384,0.274309978562768,0.20625,0.31077694235589,0.37027027027027,0.425359863731173,0.171723028352863,0.501556136583877,0.414630448313836,0.47002025658339,0.470769230769231,0.290984051209721,0.415113479916591
03/01/2014,370486561,0.77,0.82,0.92,477199.7,130827,565142,-434315,-2637,724,2.3255,57.044,0.276042682643692,0.2,0.355889724310777,0.432432432432432,0.449329752730497,0.174682775787748,0.448194364837911,0.460565060567854,0.350438892640108,0.470769230769231,0.278485407399371,0.380171809962401
04/01/2014,332790209,0.82,0.78,0.67,479719.2,272223,534436,-262213,-434,724,2.2317,53.845,0.245798212571454,0.215625,0.345864661654135,0.364864864864865,0.452113082622642,0.389296339020096,0.423784285683623,0.575012235930011,0.499189736664416,0.470769230769231,0.258131713138765,0.354416417754233
05/01/2014,379816299,0.87,0.6,0.46,481272.8,202386,429533,-227148,696,724,2.2203,62.426,0.283528101437607,0.23125,0.300751879699248,0.308108108108108,0.453829368123907,0.283296399732864,0.340390469050967,0.598330327550526,0.575489534098582,0.470769230769231,0.255658023217967,0.423502701136007
06/01/2014,368954997,0.82,0.26,0.4,461329.8,283496,651956,-368461,1179,724,2.2349,58.319,0.27481388093997,0.215625,0.215538847117794,0.291891891891892,0.431798033319756,0.406406714832129,0.517208128001475,0.504357720073841,0.608102633355841,0.470769230769231,0.25882608223934,0.390436931895948
07/01/2014,371819620,0.95,0.13,0.01,486913.7,332079,570415,-238336,3441,724,2.224,58.036,0.277112220168969,0.25625,0.182957393483709,0.186486486486487,0.460060955974117,0.480146924898306,0.45238619533946,0.590890350107197,0.760837272113437,0.470769230769231,0.256460887490507,0.388158477380502
08/01/2014,404306209,0.87,0.18,0.25,483782.3,274064,415613,-141549,3918,724,2.2674,62.787,0.303176802459574,0.23125,0.195488721804511,0.251351351351351,0.456601650864268,0.392090644162467,0.329324608898955,0.655253336950913,0.793045239702903,0.470769230769231,0.265878268417055,0.426409139581505
09/01/2014,398901506,0.91,0.49,0.57,491429.5,323654,656652,-332997,3552,724,2.3323,73.872,0.298840510763952,0.24375,0.273182957393484,0.337837837837838,0.465049628777035,0.467359298160403,0.520941265880344,0.52794114517665,0.76833220796759,0.470769230769231,0.279960941738093,0.515655317333162
10/01/2014,450620284,0.95,0.38,0.42,508929.6,336420,615991,-279571,-2792,724,2.4476,73.396,0.34033542871765,0.25625,0.245614035087719,0.297297297297297,0.484382254871711,0.486735778034121,0.488617347802687,0.563469231955993,0.339972991222147,0.470769230769231,0.304979928393187,0.511823005144638
11/01/2014,421482728,0.84,0.53,0.51,498493.2,229944,689659,-459714,-3968,724,2.5482,68.045,0.316957836625446,0.221875,0.283208020050125,0.321621621621622,0.472853005383167,0.325124461174185,0.547180550796829,0.443674822180017,0.260567184334909,0.470769230769231,0.326809156992514,0.468741697327848
12/01/2014,439152449,0.96,0.62,0.78,501101.9,207514,685883,-478369,-5809,724,2.6387,69.977,0.331134575742517,0.259375,0.305764411027569,0.394594594594595,0.475734875869231,0.291079776577014,0.544178777238352,0.4312693181395,0.136259284267387,0.470769230769231,0.346446783118151,0.484296376210681
01/01/2015,394196775,0.94,1.48,1.24,474383.4,244970,752929,-507959,-409,788,2.6336,69.687,0.295065819358072,0.253125,0.521303258145363,0.518918918918919,0.446218543373383,0.347931212433975,0.59747774704811,0.411592080693298,0.500877785280216,0.52,0.34534013236411,0.48196156416305
02/01/2015,418874217,0.82,1.16,1.22,466934.5,156914,474831,-317917,-226,788,2.8158,61.456,0.314864980720646,0.215625,0.441102756892231,0.513513513513514,0.437989630480506,0.214278125189727,0.376400622295641,0.537969287815674,0.513234301147873,0.52,0.3848757730281,0.415693157390485
03/01/2015,381999281,1.04,1.51,1.32,515340.8,223222,370017,-146795,-659,788,3.1389,60.565,0.285279547672172,0.284375,0.528822055137845,0.540540540540541,0.491464804823893,0.314921680529415,0.293077557211371,0.651764766905533,0.483997299122215,0.52,0.454985353151785,0.408519648651042
04/01/2015,385289171,0.95,0.71,0.71,497187.4,280635,389964,-109329,-735,788,3.0426,62.257,0.287919086364032,0.25625,0.328320802005013,0.375675675675676,0.471410468303125,0.402064234108433,0.308934648623167,0.676679514393178,0.478865631330182,0.52,0.434089183031355,0.42214206928756
05/01/2015,387236434,0.99,0.99,0.74,492291.3,287103,315653,-28550,-1262,788,3.0611,56.424,0.289481410949877,0.26875,0.398496240601504,0.383783783783784,0.466001672317837,0.411881488677069,0.249860285565969,0.730397242127775,0.443281566509116,0.52,0.438103504394055,0.375180142826089
06/01/2015,442114020,1.07,0.77,0.79,490491.1,339750,323681,16069,2001,788,3.1111,55.779,0.333510698118399,0.29375,0.343358395989975,0.397297297297297,0.464012964053562,0.491790115961387,0.256242234222603,0.760068707406994,0.663605671843349,0.52,0.448953021590539,0.369987198789118
07/01/2015,390345304,1.18,0.58,0.62,507170,366582,193309,173273,2121,788,3.2225,58.975,0.291975713997383,0.328125,0.295739348370927,0.351351351351351,0.482438398043682,0.532516240665412,0.152601550333367,0.864608769437839,0.67170830519919,0.52,0.473125745904307,0.395718437769208
08/01/2015,439220383,1.11,0.25,0.22,501419.7,256867,68839,188028,947,788,3.5137,63.401,0.331189080428538,0.30625,0.213032581453634,0.243243243243243,0.476085954352948,0.365988707425172,0.0536527275516864,0.874420788313091,0.592437542201215,0.52,0.536313334056635,0.43135250026166
09/01/2015,449472669,1.11,0.51,0.54,499638.5,287372,178656,108716,221,788,3.9058,63.399,0.339414676292536,0.30625,0.278195488721804,0.32972972972973,0.474118235677064,0.412289782041163,0.140952983608695,0.821678609998351,0.54341661039838,0.52,0.621395247911468,0.431336398109607
10/01/2015,468904662,1.11,0.77,0.82,520988.5,246764,197065,49699,-2311,788,3.8795,57.308,0.355005318345445,0.30625,0.343358395989975,0.405405405405405,0.497703904737317,0.35065418007407,0.155587424667488,0.782432529485931,0.372451046590142,0.52,0.615688401866117,0.382297294033348
11/01/2015,446485005,1.06,1.11,1.01,513449.7,174623,281740,-107118,-3235,788,3.7758,53.491,0.337017619027316,0.290625,0.428571428571429,0.456756756756757,0.489375677949896,0.24115718535608,0.222900765786141,0.678149820983024,0.310060769750169,0.52,0.593186503200608,0.351566336840919
12/01/2015,414817466,1.16,0.9,0.96,516492.1,209733,75314,134419,-7324,788,3.8705,48.836,0.311610175475565,0.321875,0.37593984962406,0.443243243243243,0.492736663408862,0.294447817375994,0.0588001014370514,0.838771007229839,0.0339635381498987,0.52,0.61373548877075,0.314088577938441
01/01/2016,539014540,1.06,1.51,1.27,482008.4,149198,62384,86814,-3241,880,4.0517,51.859,0.411255750932112,0.290625,0.528822055137845,0.527027027027027,0.454641996609187,0.202566632262765,0.0485212528906777,0.807113863308702,0.309655638082377,0.590769230769231,0.653054139090811,0.338426980765979
02/01/2016,458879584,1,0.95,0.9,490489.4,141350,142581,-1231,-5833,880,3.9731,52.978,0.346962015599788,0.271875,0.388471177944862,0.427027027027027,0.464011086037759,0.190654787201749,0.112274757675947,0.748564273212357,0.134638757596219,0.590769230769231,0.635998698057937,0.347436134839421
03/01/2016,430172334,1.16,0.44,0.43,527801.1,203676,411147,-207471,-2307,880,3.7033,45.023,0.323929665851959,0.321875,0.260651629072682,0.3,0.505229887362136,0.28525438649748,0.325774312100184,0.611415457703582,0.37272113436867,0.590769230769231,0.577454703265705,0.283389825050118
04/01/2016,470860226,1.06,0.64,0.61,520789.7,221439,134504,86935,-3031,880,3.5652,43.838,0.356574302974842,0.290625,0.31077694235589,0.348648648648649,0.497484287359838,0.312215408900492,0.105853855919639,0.807194327848445,0.323835246455098,0.590769230769231,0.547488336769014,0.27384929995894
05/01/2016,466345929,1.11,0.98,0.78,516374.2,207119,190526,16592,-196,880,3.5387,39.909,0.352952400237047,0.30625,0.395989974937343,0.394594594594595,0.49260641748932,0.29048023799405,0.150389173264182,0.760416500417618,0.515259959486833,0.590769230769231,0.541738092654877,0.242216622251564
06/01/2016,503405083,1.16,0.47,0.35,521886.3,203811,208327,-4516,17,880,3.4239,43.342,0.382685634743544,0.321875,0.268170426065163,0.278378378378378,0.498695718024544,0.285459292089126,0.164540277902543,0.746379760707769,0.52964213369345,0.590769230769231,0.516827601171748,0.269855966249889
07/01/2016,522024903,1.11,0.64,0.52,522267.3,182352,194392,-12041,214,880,3.2747,49.559,0.397624655600005,0.30625,0.31077694235589,0.324324324324324,0.499116614507539,0.252888409932609,0.153462493332263,0.7413756643312,0.542943956785955,0.590769230769231,0.484452641857437,0.319909505905464
08/01/2016,452569497,1.22,0.31,0.44,530569.7,214192,218735,-4542,2246,880,3.2091,42.538,0.341899317824027,0.340625,0.228070175438596,0.302702702702703,0.508288401805237,0.301215773177099,0.172814234257582,0.746362470806667,0.68014854827819,0.590769230769231,0.470218075295649,0.263382901124735
09/01/2016,526522597,1.11,0.08,0.08,524333.5,167546,118201,49345,-1598,880,3.2558,42.757,0.401233237448378,0.30625,0.170426065162907,0.205405405405405,0.501399177009286,0.230415578896242,0.0928936031855686,0.782197120832469,0.420594193112762,0.590769230769231,0.480351524357166,0.265146086774497
10/01/2016,514751226,1.05,0.17,0.26,539580.1,132797,102783,30014,-410,880,3.1852,37.431,0.391788852009736,0.2875,0.192982456140351,0.254054054054054,0.518242327449289,0.177672879606581,0.0806368911292663,0.769342079363306,0.500810263335584,0.590769230769231,0.46503200607573,0.222266055858365
11/01/2016,531350104,1.04,0.07,0.18,545984.5,192494,142687,49807,-1748,880,3.3414,35.551,0.405106434276151,0.284375,0.167919799498747,0.232432432432432,0.525317365338258,0.268282132232409,0.112359023565035,0.782504349075123,0.410465901417961,0.590769230769231,0.498925897797548,0.207130032928901
12/01/2016,592483621,1.12,0.14,0.3,547243.9,203031,175776,27255,-4747,880,3.3517,37.295,0.454154968874862,0.309375,0.18546365914787,0.264864864864865,0.526708643634018,0.284275393115172,0.138663495301382,0.76750735485793,0.207967589466577,0.590769230769231,0.501160898340024,0.221171109518787
01/01/2017,503117059,1.09,0.42,0.38,514123.3,156200,160053,-3853,-2149,937,3.196,33.347,0.382454547840279,0.3,0.255639097744361,0.286486486486487,0.490119814094111,0.2131944022828,0.126164320073645,0.746820653185864,0.383389601620527,0.634615384615385,0.46737550179017,0.189385461366912
02/01/2017,454004454,0.87,0.24,0.33,510941,178648,372229,-193581,-1963,937,3.1036,33.663,0.343050609971379,0.23125,0.210526315789474,0.272972972972973,0.486604278981678,0.247266407625524,0.294836011425183,0.620652254869102,0.39594868332208,0.634615384615385,0.447325594011067,0.191929601391226
03/01/2017,475655190,1.05,0.32,0.25,560609.1,243440,268840,-25400,-2801,937,3.1273,30.649,0.360421389960752,0.2875,0.230576441102757,0.251351351351351,0.541473382937254,0.345608949061988,0.212645766076302,0.732491980145874,0.339365293720459,0.634615384615385,0.4524682651622,0.167663658247925
04/01/2017,468907071,0.79,0.08,0.14,537851.9,253633,183240,70393,-1159,937,3.1356,31.266,0.355007251130039,0.20625,0.170426065162907,0.221621621621622,0.516333158677864,0.361080080140854,0.144597085831168,0.796193960770544,0.450236326806212,0.634615384615385,0.454269285016817,0.172631172156159
05/01/2017,500239108,0.93,0.36,0.31,550796.7,297255,217985,79270,782,937,3.2087,29.779,0.380145515314032,0.25,0.240601503759398,0.267567567567568,0.530633475720073,0.427290389168842,0.172218013344219,0.802097132004405,0.581296421336935,0.634615384615385,0.470131279158078,0.160659222105034
06/01/2017,557560903,0.81,-0.3,-0.23,542080.9,290331,246233,44098,1531,937,3.2948,28.708,0.426135835899018,0.2125,0.075187969924812,0.121621621621622,0.521004999167597,0.416781009046202,0.194674077825113,0.778707885790893,0.631870357866307,0.634615384615385,0.488814147770424,0.152036519680855
07/01/2017,529713718,0.8,0.17,0.24,548494.1,302409,134546,167863,1567,937,3.2055,29.586,0.403793531971874,0.209375,0.192982456140351,0.248648648648649,0.528089758550136,0.435113229312124,0.105887244290787,0.861011140016279,0.634301147873059,0.634615384615385,0.469436910057502,0.159105364431956
08/01/2017,529200225,0.8,-0.03,0.19,555922.7,314218,195818,118401,1734,937,3.1503,27.229,0.403381547181653,0.209375,0.142857142857143,0.235135135135135,0.53629624572489,0.453037156213952,0.15459610802887,0.828119098158759,0.645577312626604,0.634615384615385,0.457459043072583,0.140128978237942
09/01/2017,572750684,0.64,-0.02,0.16,544218.5,235149,189565,45584,-9,937,3.1342,29.62,0.438322873967273,0.159375,0.145363408521303,0.227027027027027,0.523366438333086,0.333024710096533,0.14962521553386,0.779696070138479,0.527886563133018,0.634615384615385,0.453965498535315,0.159379101016851
10/01/2017,564152766,0.64,0.37,0.42,568668,220181,239605,-19424,932,937,3.1906,28.364,0.4314246076938,0.159375,0.243107769423559,0.297297297297297,0.550376172088995,0.310305992350191,0.189405074873422,0.736465997414495,0.591424713031735,0.634615384615385,0.46620375393295,0.149266949527804
11/01/2017,594330555,0.57,0.18,0.28,573852.3,316273,136176,180097,-303,937,3.2587,27.466,0.455636797675919,0.1375,0.195488721804511,0.25945945945946,0.556103346988718,0.456156274664562,0.107183031075829,0.869146703480856,0.508035111411209,0.634615384615385,0.480980796354562,0.142037083256177
12/01/2017,540928527,0.54,0.26,0.44,577920.4,229231,215488,13743,-987,937,3.2913,25.564,0.412791377576838,0.128125,0.215538847117794,0.302702702702703,0.560597438806236,0.324042256086455,0.17023299518333,0.758521926254582,0.461850101282917,0.634615384615385,0.48805468156667,0.126723936654134
01/01/2018,555797829,0.58,0.23,0.29,552738.4,248447,261883,-13436,-586,954,3.21,25.423,0.424721289503968,0.140625,0.208020050125313,0.262162162162162,0.532778501182101,0.353208669783255,0.207115220883949,0.740447994637471,0.488926401080351,0.647692307692308,0.470413366605186,0.125588734934424
02/01/2018,495688228,0.47,0.18,0.32,540112.1,230654,236982,-6328,-372,954,3.2409,31.241,0.37649426136876,0.10625,0.195488721804511,0.27027027027027,0.518830035924233,0.326202112804323,0.187319891599088,0.745174787600215,0.5033760972316,0.647692307692308,0.477118368232614,0.172429895255501
03/01/2018,488462181,0.53,0.07,0.09,589232.5,256912,190744,66169,1017,954,3.2786,32.427,0.370696672195354,0.125,0.167919799498747,0.208108108108108,0.573094087376563,0.366057009289054,0.150562474809666,0.793385016837704,0.597164078325456,0.647692307692308,0.485298904198763,0.181978471422706
04/01/2018,503307642,0.52,0.21,0.22,587659.9,303321,295504,7817,1332,954,3.4069,31.147,0.382607456053779,0.121875,0.203007518796992,0.243243243243243,0.571356812286907,0.436497480420132,0.233842611988174,0.754581158795772,0.618433490884538,0.647692307692308,0.513138765324943,0.171673094109028
05/01/2018,502560081,0.52,0.43,0.4,562272,316349,192086,124263,2075,954,3.6355,27.84,0.382007674242221,0.121875,0.258145363408521,0.291891891891892,0.543310413807526,0.456271628923563,0.151629312763977,0.832017305861011,0.668602295746118,0.647692307692308,0.562742757947271,0.145048185690017
06/01/2018,617342716,0.52,1.43,1.26,584167.2,496862,119993,376870,2807,954,3.7726,24.323,0.474099873749223,0.121875,0.508771929824561,0.524324324324324,0.567498373583078,0.730257725699715,0.0943181736878966,1,0.718028359216746,0.647692307692308,0.592492134100033,0.116732551305482
07/01/2018,602705136,0.54,0.25,0.33,592159.1,386858,219469,167389,1853,954,3.8281,27.882,0.462355876604884,0.128125,0.213032581453634,0.272972972972973,0.576327146817862,0.563291542711432,0.173397735791459,0.86069593181927,0.653612424037812,0.647692307692308,0.604535098188131,0.145386330883123
08/01/2018,652456134,0.57,0,-0.09,599026.2,355928,219199,136728,-66,954,3.9292,28.223,0.502272008809798,0.1375,0.150375939849624,0.159459459459459,0.583913336419908,0.516345394936555,0.173183096262649,0.840306483446915,0.524037812288994,0.647692307692308,0.626472821959423,0.148131747808095
09/01/2018,673411708,0.47,0.3,0.48,576670.4,332312,138523,193789,1729,954,4.1159,26.505,0.519085047660072,0.10625,0.225563909774436,0.313513513513514,0.559216544833153,0.480500576771295,0.109048805054045,0.878251831399524,0.645239702903444,0.647692307692308,0.666984919171097,0.134299999194892
10/01/2018,589291033,0.54,0.4,0.45,612095.4,429714,353917,75797,664,954,3.7578,25.74,0.451593497350535,0.128125,0.25062656641604,0.305405405405405,0.598351080030318,0.62833920223423,0.280278681604518,0.799787600214927,0.573328831870358,0.647692307692308,0.589280677009873,0.128140926034765
11/01/2018,693810516,0.49,-0.25,-0.21,607683.3,190344,230580,-40236,-280,954,3.786,23.946,0.53545138300375,0.1125,0.087719298245614,0.127027027027027,0.593476966191407,0.265018820958047,0.182230549882624,0.722626096578728,0.509588116137745,0.647692307692308,0.595399804708691,0.113697295643563
12/01/2018,647514672,0.49,0.14,0.15,600324.6,284416,635364,-350948,-2918,954,3.8821,25.662,0.498307383809159,0.1125,0.18546365914787,0.224324324324324,0.585347698607628,0.407803108493716,0.504018131475456,0.516003798458273,0.331465226198515,0.647692307692308,0.616252576760334,0.127512942104712
01/01/2019,647181357,0.54,0.36,0.32,578778.1,356938,198677,158261,-1366,998,3.7411,25.714,0.498039959111349,0.128125,0.240601503759398,0.27027027027027,0.561544953014806,0.517878392325906,0.156868902150609,0.854625846540158,0.436259284267387,0.681538461538462,0.585656938266247,0.12793159805808
02/01/2019,576131159,0.49,0.54,0.43,576626,146380,219795,-73414,-982,998,3.723,23.697,0.441035090655176,0.1125,0.285714285714286,0.3,0.559167495479229,0.198289417764556,0.173656893148468,0.700562852780482,0.462187711006077,0.681538461538462,0.58172941304112,0.111692577713011
03/01/2019,556244711,0.47,0.77,0.75,602149.4,196862,155522,41341,-830,998,3.8459,20.276,0.425079831075174,0.10625,0.343358395989975,0.386486486486487,0.587363582865293,0.274911966486552,0.122562350795716,0.77687449127791,0.472451046590142,0.681538461538462,0.608397526310079,0.0841498466270017
04/01/2019,579859843,0.52,0.6,0.57,613483.3,387676,396458,-8781,6681,998,3.8956,19.417,0.44402668176847,0.121875,0.300751879699248,0.337837837837838,0.599884314226511,0.564533118814887,0.31409712677167,0.743543551930883,0.979608372721134,0.681538461538462,0.619181946403385,0.0772339723204006
05/01/2019,610812532.53,0.54,0.15,0.13,615818.9,397649,391949,5699,-106,998,4.0009,18.705,0.468860588565218,0.128125,0.18796992481203,0.218918918918919,0.602464486997337,0.57967032967033,0.310512646640534,0.753172696852174,0.521336934503714,0.681538461538462,0.642031029619182,0.0715016061896672
06/01/2019,654400245.56,0.47,0.01,0.01,597459,284890,212652,72238,2001,998,3.8582,18.797,0.503831804937909,0.10625,0.152882205513784,0.186486486486487,0.582182026792215,0.408522554793273,0.167978485169601,0.797420878752574,0.663605671843349,0.681538461538462,0.611066507540415,0.0722423051840879
07/01/2019,656190289.17,0.57,0.1,0.19,632183.3,386468,340380,46088,25,998,3.7787,20.538,0.505267989542474,0.1375,0.175438596491228,0.235135135135135,0.620542488063829,0.562699593224455,0.269517291598929,0.780031228221375,0.530182309250507,0.681538461538462,0.593815775198004,0.0862592285458952
08/01/2019,672497872.38,0.5,0.12,0.11,629513.2,275277,259236,16040,1495,998,4.0194,25.62,0.518351860691209,0.115625,0.180451127819549,0.213513513513514,0.617592788065806,0.393931758848886,0.205010958540388,0.760049422517303,0.629439567859554,0.681538461538462,0.646045350981881,0.127174796911607
09/01/2019,710179494.65,0.46,-0.05,-0.04,618913.7,320984,281988,38997,1761,998,4.1209,25.68,0.548584512832679,0.103125,0.137844611528822,0.172972972972973,0.605883359531654,0.463306720903406,0.22309791616816,0.775315740193966,0.647400405131668,0.681538461538462,0.668069870890745,0.127657861473186
10/01/2019,693645882.14,0.48,0.04,0.1,649555.2,294765,327374,-32610,322,998,4.0864,24.614,0.535319294258089,0.109375,0.160401002506266,0.210810810810811,0.639733489672625,0.423511019367373,0.259178026000002,0.727697357571115,0.550236326806212,0.681538461538462,0.660583704025171,0.119075414429138
11/01/2019,764489211.63,0.38,0.54,0.51,638003.6,256165,607796,-351631,1163,998,4.1547,27.849,0.592158188339353,0.078125,0.285714285714286,0.321621621621622,0.626972261817055,0.364923198348613,0.482102640622677,0.515549606056253,0.607022282241729,0.681538461538462,0.675404144515569,0.145120645374254
12/01/2019,761853438.58,0.37,1.22,1.15,636647.2,239569,159984,79585,-3421,998,4.1089,28.314,0.590043459595098,0.075,0.456140350877193,0.494594594594595,0.625473826148984,0.339733470948941,0.126109467749616,0.802306605806215,0.297501688048616,0.681538461538462,0.665465986763589,0.148864395726489
01/01/2020,821249321.25,0.38,0.19,0.21,613970.5,183139,266434,-83295,-25,1039,4.1489,25.657,0.637697858509534,0.078125,0.197994987468672,0.240540540540541,0.60042253146146,0.254082933640945,0.210733089386234,0.693992025365615,0.526806212018906,0.713076923076923,0.674145600520777,0.127472686724581
02/01/2020,647819942.42,0.29,0.17,0.25,618276.4,170475,255064,-84589,1822,1045,4.3404,24.497,0.498552307829436,0.05,0.192982456140351,0.251351351351351,0.605179324548417,0.23486127132536,0.201694380339655,0.693131520287704,0.65151924375422,0.717692307692308,0.715699251383314,0.11813343853406
03/01/2020,615308050.41,0.34,0.18,0.07,635847.6,307489,177657,129832,-1143,1045,4.8832,27.504,0.472467424472864,0.065625,0.195488721804511,0.202702702702703,0.624590495892282,0.442823750834801,0.140158817352095,0.83572066967777,0.451316677920324,0.717692307692308,0.833481610068352,0.142343024145177
04/01/2020,558815152.5,0.28,-0.23,-0.31,568007.6,266819,114421,152399,-5953,1045,5.325,25.625,0.427142143126462,0.046875,0.0927318295739348,0.1,0.549646618185136,0.38109404407747,0.0898886497822204,0.850727638837906,0.126536124240378,0.717692307692308,0.929347944016491,0.127215052291739
05/01/2020,493548838.01,0.24,-0.25,-0.38,577574.8,288450,101221,187229,-1257,1045,5.6429,25.66,0.374777789798105,0.034375,0.087719298245614,0.0810810810810811,0.560215649240558,0.413925991135936,0.0793951617070361,0.87388945635231,0.443619176232276,0.717692307692308,0.998329174351741,0.12749683995266
06/01/2020,524790786.5,0.21,0.3,0.26,607141.2,366747,95248,271499,3716,1045,5.196,32.552,0.399843774329028,0.025,0.225563909774436,0.254054054054054,0.592878100093161,0.532766680832979,0.0746468583530153,0.929928685807917,0.779405806887238,0.717692307692308,0.901356189649561,0.182984855925995
07/01/2020,653711919.23,0.19,0.44,0.36,643901,331760,126645,205114,5339,1045,5.2796,30.961,0.503279548181404,0.01875,0.260651629072682,0.281081081081081,0.633487209110542,0.479662740574343,0.0996062557088153,0.885782913321736,0.888993923024983,0.717692307692308,0.919496582402083,0.170175593968134
08/01/2020,763854575.17,0.16,0.36,0.24,637366.3,302803,189959,112844,5892,1045,5.4606,33.145,0.591649007943828,0.009375,0.240601503759398,0.248648648648649,0.626268226833819,0.435711250075891,0.14993843025368,0.824423714296354,0.926333558406482,0.717692307692308,0.958771834653358,0.187759144009597
09/01/2020,750140978.24,0.16,0.87,0.64,648056.1,325779,147124,178655,5088,1045,5.3989,30.196,0.580646339252382,0.009375,0.368421052631579,0.356756756756757,0.638077411148587,0.47058466395483,0.115886266488489,0.868187778965904,0.87204591492235,0.717692307692308,0.945383530432896,0.164016520808006
10/01/2020,780252315.34,0.16,0.89,0.86,673446,302412,199110,103301,5937,1045,5.6252,28.682,0.604805213664315,0.009375,0.3734335839599,0.416216216216216,0.666126019058325,0.435117782769716,0.157213120357923,0.81807765559581,0.929372045914922,0.717692307692308,0.994488445264186,0.151827191704171
11/01/2020,769832455.83,0.15,0.95,0.89,680070.3,226156,122209,103947,4391,1045,5.4172,29.795,0.596445170519898,0.00625,0.388471177944862,0.424324324324324,0.673443983815039,0.31937496205452,0.0960798077465791,0.818507243138569,0.824983119513842,0.717692307692308,0.949354453726809,0.160788039321455
12/01/2020,791157075.4,0.16,1.46,1.35,705939.1,299145,181837,117308,-3109,1045,5.1449,27.738,0.613554301355336,0.009375,0.516290726817043,0.548648648648649,0.702021639823745,0.430159067451885,0.14348175524257,0.827392257316288,0.318568534773802,0.717692307692308,0.890267983074753,0.144226975935334
01/01/2021,953962928.23,0.15,0.27,0.25,678807.6,219557,200805,18751,28,1100,5.3556,22.764,0.744176403555098,0.00625,0.218045112781955,0.251351351351351,0.67204905995919,0.309358873171028,0.158560579622123,0.76185222720526,0.530384875084403,0.76,0.93598784854074,0.104180923780463
02/01/2021,733541331.52,0.13,0.82,0.86,707375.9,284599,204661,79937,3309,1100,5.4159,27.486,0.567328140227904,0,0.355889724310777,0.416216216216216,0.703608894592165,0.408080869406836,0.161625950078025,0.802540684467285,0.751924375422012,0.76,0.949072366279701,0.142198104776703
03/01/2021,708517954.89,0.2,0.86,0.93,770486.6,337571,234184,103387,3662,1100,5.6455,27.776,0.54725142920843,0.021875,0.365914786967419,0.435135135135135,0.773328242805791,0.488482787930302,0.185095590111636,0.818134845268685,0.77575962187711,0.76,0.998893349245959,0.144532916824334
04/01/2021,723782264.4,0.21,0.38,0.31,738506.2,399609,289194,110414,3083,1100,5.5615,25.511,0.559498262858237,0.025,0.245614035087719,0.267567567567568,0.737999009512371,0.582645255297189,0.228826406703749,0.822807773539535,0.736664415935179,0.76,0.980666160355864,0.126297229624739
05/01/2021,736779435.41,0.27,0.96,0.83,731711.3,441078,284473,156605,3597,1100,5.2904,25.473,0.569926129980119,0.04375,0.390977443609023,0.408108108108108,0.730492580346211,0.645587699593225,0.225073394794435,0.853524612839215,0.77137069547603,0.76,0.921840078116524,0.12599128873574
06/01/2021,731206212.97,0.31,0.6,0.53,733421.3,436581,284311,152271,6924,1100,5.0313,24.584,0.565454632067205,0.05625,0.300751879699248,0.327027027027027,0.732381643301388,0.638762066662619,0.224944611077149,0.85064251932479,0.996016205266712,0.76,0.86561788000434,0.118833882148349
07/01/2021,856549988.27,0.36,1.02,0.96,766161.5,471680,344323,127356,4996,1100,5.156,22.002,0.666020226870707,0.071875,0.406015037593985,0.443243243243243,0.768550239187407,0.692036002671362,0.272651823680782,0.834074139095924,0.865833896016205,0.76,0.892676575892373,0.0980460038484143
08/01/2021,850728938.34,0.43,0.88,0.87,767558,402135,426503,-24368,4462,1100,5.2511,22.543,0.661349892446918,0.09375,0.370927318295739,0.418918918918919,0.770092973934135,0.586479266589764,0.337981736560982,0.733178256220375,0.829777177582714,0.76,0.913312357600087,0.102401635978649
09/01/2021,839367489.37,0.44,1.2,1.16,762131.6,369543,376688,-7144,3061,1100,5.2791,20.219,0.652234394922106,0.096875,0.451127819548872,0.497297297297297,0.764098347489706,0.537010503308846,0.298380743495429,0.744632150704098,0.735178933153275,0.76,0.919388087230118,0.083690935293502
10/01/2021,879234137.06,0.49,1.16,1.25,773197.7,386936,681734,-294799,4979,1100,5.5394,19.08,0.68422013277124,0.1125,0.441102756892231,0.521621621621622,0.776323236126131,0.563409932608828,0.54088048314563,0.553342669879928,0.864686022957461,0.76,0.975870673755018,0.0745207596995338
11/01/2021,970159775.52,0.59,0.84,0.95,788293,278021,474029,-196008,2848,1100,5.5563,15.863,0.757171429257506,0.14375,0.360902255639098,0.440540540540541,0.792999243159631,0.398096654726489,0.375763063398952,0.619038309100872,0.720796758946658,0.76,0.97953781056743,0.0486204481228916
12/01/2021,991229983.83,0.77,0.73,0.73,794491.3,346821,381528,-34707,-1074,1100,5.6506,15.225,0.774076441303436,0.2,0.333333333333333,0.381081081081081,0.799846599250318,0.502522615506041,0.302228355789663,0.726302860547638,0.455975692099933,0.76,1,0.0434838616181053
01/01/2022,937527521.35,0.73,0.67,0.54,724703.5,283473,595906,-312433,591,1212,5.5335,15.295,0.730989977146855,0.1875,0.318295739348371,0.32972972972973,0.722750957318556,0.40637180499059,0.472650551742833,0.541616126955754,0.568399729912221,0.846153846153846,0.974590430725833,0.044047436939947
02/01/2022,783190636.93,0.76,1,1.01,753162.6,301563,250357,51206,3495,1212,5.196,12.511,0.607162682614928,0.196875,0.401002506265664,0.456756756756757,0.754190157054043,0.433829154271143,0.197952497887391,0.783434678753638,0.764483457123565,0.846153846153846,0.901356189649561,0.0216332412826974
03/01/2022,875325774.75,0.93,1.71,1.62,841662,503858,522322,-18464,1618,1212,4.9678,10.272,0.681084382475926,0.25,0.578947368421053,0.621621621621622,0.851956787519193,0.740876388804566,0.414154125490988,0.737104393762868,0.637744767049291,0.846153846153846,0.851838993164804,0.00360688205978729
04/01/2022,923265611.49,0.83,1.04,1.06,832263.1,540012,806099,-266087,3395,1212,4.7574,11.115,0.719547387000898,0.21875,0.411027568922306,0.47027027027027,0.841573680028307,0.795751624066541,0.63974583499944,0.572436040665847,0.757731262660365,0.846153846153846,0.806184224801996,0.0103939391499674
05/01/2022,872504938.38,1.03,0.45,0.47,841932.5,592720,800669,-207949,491,1212,4.9545,9.824,0.67882117405801,0.28125,0.263157894736842,0.310810810810811,0.852255612974968,0.875752838321899,0.635429195586693,0.611097589521788,0.561647535449021,0.846153846153846,0.848953021590539,0
06/01/2022,1207647459.98,1.02,0.62,0.67,843285.8,674579,758535,-83956,6626,1212,5.0486,11.039,0.947712125746536,0.278125,0.305764411027569,0.364864864864865,0.853750624025986,1,0.601934299635192,0.693552462879912,0.975894665766374,0.846153846153846,0.869371812954324,0.00978205737196776
07/01/2022,868886179.14,1.03,-0.6,-0.68,869653.1,500869,732520,-231651,5327,1212,5.3675,12.702,0.675917777582594,0.28125,0,0,0.882878980551158,0.736339627223605,0.581253383553683,0.59533584967894,0.888183659689399,0.846153846153846,0.938570033633503,0.0231709968037228
08/01/2022,1026340838.7,1.17,-0.31,-0.36,873707.3,607578,748976,-141398,5472,1212,5.1427,13.344,0.80224651991811,0.325,0.0726817042606516,0.0864864864864865,0.887357716827696,0.89830459595653,0.59433526535408,0.655353751376542,0.89797434166104,0.846153846153846,0.889790604318108,0.0283397876126144
09/01/2022,1272818451.85,1.07,-0.32,-0.29,857821.5,540914,715111,-174197,6983,1212,5.2364,11.914,1,0.29375,0.0701754385964912,0.105405405405405,0.869808432445617,0.797120696982576,0.567413903712707,0.633542541136665,1,0.846153846153846,0.91012259954432,0.0168267488949898
10/01/2022,952995769.81,1.02,0.47,0.59,880161.1,466219,589023,-122804,2965,1212,5.2497,12.08,0.743400434732205,0.278125,0.268170426065163,0.343243243243243,0.89448732764648,0.683747192034485,0.467178833680599,0.66771869064909,0.728696826468602,0.846153846153846,0.913008571118585,0.0181632275153574
11/01/2022,841735999.82,1.02,0.38,0.41,880421.6,372228,481331,-109103,1785,1212,5.2741,12.206,0.654134694012607,0.278125,0.245614035087719,0.294594594594595,0.894775105950471,0.541085847853804,0.381567870211452,0.676829803533524,0.649020931802836,0.846153846153846,0.91830313551047,0.0191776630946726
12/01/2022,932350050.61,1.12,0.69,0.62,880902.5,353960,507757,-153797,-4874,1212,5.2418,14.363,0.726835998033815,0.309375,0.323308270676692,0.351351351351351,0.895306363479795,0.513358326756117,0.402575515353483,0.647108463539589,0.199392302498312,0.846153846153846,0.911294347401541,0.0365438340834252
01/01/2023,843160748.16,1.12,0.46,0.53,812759.7,369145,308435,60710,982,1302,5.2001,13.527,0.655277795566031,0.309375,0.265664160401003,0.327027027027027,0.82002797801661,0.53640641126829,0.244122255495766,0.789754802602529,0.594800810263336,0.915384615384615,0.902245850059672,0.0298131345254293
02/01/2023,743763687.43,0.92,0.77,0.84,831360.9,238419,513088,-274669,722,1302,5.1711,13.103,0.575529722635341,0.246875,0.343358395989975,0.410810810810811,0.840577005994295,0.337987978871957,0.406813453605666,0.566729043309872,0.577245104659014,0.915384615384615,0.895953130085711,0.0263994782902735
03/01/2023,651467781.27,1.17,0.64,0.71,938585.2,529140,506882,22258,2759,1302,5.2109,14.07,0.501479035405812,0.325,0.31077694235589,0.375675675675676,0.959029317704707,0.779249893752656,0.401879924287894,0.76418436886541,0.714787305874409,0.915384615384615,0.904589345774113,0.0341848688077162
04/01/2023,753762784.62,0.92,0.53,0.61,904687.5,456746,228698,228047,2202,1302,5.0191,15.187,0.583552180503741,0.246875,0.283208020050125,0.348648648648649,0.921582013999614,0.669368890777731,0.180734432870692,0.901033271089689,0.677177582714382,0.915384615384615,0.862970597808398,0.0431779207291054
05/01/2023,847581385.34,1.12,0.36,0.23,903039.3,561158,475372,85786,2422,1320,4.9822,17.182,0.658824553323671,0.309375,0.240601503759398,0.245945945945946,0.919761222442466,0.82784742881428,0.37683069631448,0.806430247218986,0.692032410533423,0.929230769230769,0.854963654117392,0.0592398174015957
06/01/2023,899354271.92,1.07,-0.1,-0.08,893378.1,566767,370677,196090,4889,1320,4.851,19.174,0.700362883577012,0.29375,0.12531328320802,0.162162162162162,0.909088348160268,0.836360876692368,0.293602231615131,0.879781987647031,0.858609047940581,0.929230769230769,0.826494520993816,0.0752775608460071
07/01/2023,1027895363.85,1.07,-0.09,0.12,911799.3,558297,341829,216468,2586,1320,4.8002,19.865,0.803493743770851,0.29375,0.12781954887218,0.216216216216216,0.929438527405829,0.823504948090584,0.270669190403546,0.893333280133638,0.703106009453072,0.929230769230769,0.815471411522187,0.0808408543801879
08/01/2023,928436097.27,1.14,0.2,0.23,923093.5,532257,392680,139578,2409,1320,4.9029,18.461,0.723695761953258,0.315625,0.200501253132832,0.245945945945946,0.941915401574462,0.783980936190881,0.311093763290758,0.842201722606147,0.691154625253207,0.929230769230769,0.837756319843767,0.0695371436392474
09/01/2023,1114403145.68,0.97,0.11,0.26,906068.6,383081,485745,-102664,285,1320,4.9364,18.596,0.872900513385406,0.2625,0.177944862155388,0.254054054054054,0.923107736132593,0.557558739602938,0.385076829026896,0.681111714040996,0.547738014854828,0.929230769230769,0.845025496365412,0.0706240389027994
10/01/2023,940795179.42,1,0.12,0.24,943578.5,433239,416043,17196,2357,1320,5.0642,18.465,0.733611678756189,0.271875,0.180451127819549,0.248648648648649,0.964545492005342,0.633689514904985,0.329666442222616,0.760818158120136,0.687643484132343,0.929230769230769,0.872756862319627,0.0695693479433526
11/01/2023,1107176887.32,0.92,0.1,0.28,950394.1,460062,328701,131361,1429,1320,4.8977,17.548,0.867102754634021,0.246875,0.175438596491228,0.25945945945946,0.972074788775696,0.674401979236233,0.260232939536045,0.836737448861793,0.624983119513842,0.929230769230769,0.836627970055333,0.0621865112272255
12/01/2023,1083061222.3,0.89,0.55,0.56,937367.6,392300,491017,-98717,-3686,1320,4.8966,19.023,0.8477543171786,0.2375,0.288220551378446,0.335135135135135,0.957684216503406,0.571551514783559,0.389267864567227,0.683736454027483,0.279608372721134,0.929230769230769,0.83638928067701,0.0740618483660341
01/01/2024,923905588.71,0.97,0.57,0.42,875915.7,330314,325508,4806,-831,1412,4.9138,17.556,0.720060852385485,0.2625,0.293233082706767,0.297297297297297,0.88979736982782,0.477467974014935,0.257694628367555,0.752578855248948,0.47238352464551,1,0.840121514592601,0.062250919835436
02/01/2024,960169308.35,0.8,0.81,0.83,886545.9,258497,205885,52613,-122,1412,4.9638,19.133,0.749155895411399,0.209375,0.353383458646617,0.408108108108108,0.901540713117951,0.368462752716896,0.162598982608633,0.784370328401722,0.520256583389602,1,0.850971031789086,0.0749474667289283
03/01/2024,1111796120.43,0.83,0.19,0.16,951455.1,454426,233143,221283,2777,1412,4.9795,20.851,0.870808849524903,0.21875,0.197994987468672,0.227027027027027,0.973246891580049,0.665847550239816,0.184268035483889,0.896535236818445,0.716002700877785,1,0.854377780188782,0.0887792153421305
04/01/2024,1202890072.79,0.89,0.37,0.38,975672.3,386957,361621,25335,2978,1412,5.1285,23.538,0.943895187319974,0.2375,0.243107769423559,0.286486486486487,1,0.563441806811973,0.28640306282658,0.766230562161185,0.729574611748818,1,0.886709341434306,0.110412456624828
